{"loss":-0.324340283870697,"_wandb":{"runtime":624},"training_reward":-12582.5625,"validation_improvement_pct":-66.74484523304658,"win_rate":0,"win_vs_spt":0,"improvement_over_spt":-4.2297461248050245,"v_loss":0.5199987888336182,"_timestamp":1.741633575119643e+09,"improvement_over_wspt":-12.28406286530719,"_runtime":624.204535,"validation_weighted_sum":14768.27,"_step":1023,"training_weighted_sum":12582.5625,"episode":999,"win_vs_wspt":0}