{"episode":1999,"validation_weighted_sum":14288.63,"win_vs_spt":0,"_wandb":{"runtime":507},"win_rate":0,"improvement_over_spt":-5.1588886460743195,"validation_improvement_pct":-60.86349860688128,"training_reward":-13093.375,"win_vs_wspt":0,"_step":2023,"v_loss":0.26928073167800903,"loss":-0.2962786555290222,"training_weighted_sum":13093.375,"_timestamp":1.741727945189893e+09,"_runtime":507.55273,"improvement_over_wspt":-13.28500454604494}