{"training_reward":-12650.1875,"win_rate":0,"_timestamp":1.74163989001725e+09,"loss":-0.13574381172657013,"_step":1023,"improvement_over_spt":-6.697663202791205,"improvement_over_wspt":-14.942687361995072,"_wandb":{"runtime":735},"episode":999,"training_weighted_sum":12650.1875,"win_vs_spt":0,"validation_weighted_sum":14561.32,"validation_improvement_pct":-64.64724781579942,"win_vs_wspt":0,"_runtime":735.398974,"v_loss":1.013565182685852}