{"v_loss":0.24594904482364655,"validation_improvement_pct":-68.24085247714689,"training_reward":-13182.875,"_timestamp":1.741731326917057e+09,"loss":-0.3868001699447632,"win_vs_spt":0,"validation_weighted_sum":15023.39,"_wandb":{"runtime":632},"improvement_over_wspt":-20.929666190414345,"training_weighted_sum":13182.875,"_step":2023,"win_rate":0,"episode":1999,"_runtime":632.045811,"win_vs_wspt":0,"improvement_over_spt":-12.255186393676112}