{"validation_weighted_sum":14169.82,"loss":-0.2929842472076416,"_step":2023,"episode":1999,"_wandb":{"runtime":522},"improvement_over_spt":-7.714972532648103,"win_vs_wspt":0,"win_rate":0,"_runtime":522.068585,"training_weighted_sum":12909.875,"improvement_over_wspt":-16.03860891024809,"validation_improvement_pct":-59.0792482482424,"win_vs_spt":0,"training_reward":-12909.875,"v_loss":0.32007795572280884,"_timestamp":1.741724978949075e+09}