{"training_weighted_sum":12650.1875,"training_reward":-12650.1875,"_runtime":793.396081,"validation_improvement_pct":-64.64724781579942,"_timestamp":1.741636937214748e+09,"win_vs_spt":0,"v_loss":1.013565182685852,"validation_weighted_sum":14561.32,"improvement_over_spt":-6.697663202791205,"_wandb":{"runtime":793},"improvement_over_wspt":-14.942687361995072,"win_vs_wspt":0,"win_rate":0,"_step":1023,"episode":999,"loss":-0.13574381172657013}