{"validation_improvement_pct":-63.07530901120597,"win_vs_wspt":11.11111111111111,"_step":1023,"loss":0.33581775426864624,"training_reward":-16349.625,"episode":999,"_timestamp":1.7416413562225769e+09,"_wandb":{"runtime":284},"win_rate":10,"improvement_over_spt":-8.32008319329631,"improvement_over_wspt":-16.69047928302377,"validation_weighted_sum":14493.65,"_runtime":284.275389,"v_loss":1.0017822980880737,"win_vs_spt":50,"training_weighted_sum":16349.625}