{"episode":999,"improvement_over_spt":-6.697663202791205,"validation_improvement_pct":-64.64724781579942,"win_vs_spt":0,"improvement_over_wspt":-14.942687361995072,"_wandb":{"runtime":728},"validation_weighted_sum":14561.32,"v_loss":1.013565182685852,"win_rate":0,"training_weighted_sum":12650.1875,"win_vs_wspt":0,"loss":-0.13574381172657013,"_runtime":728.081004,"_step":1023,"training_reward":-12650.1875,"_timestamp":1.741639150004884e+09}