{"improvement_over_wspt":-17.17024938303676,"training_reward":-15902.25,"_runtime":954.588173,"episode":1999,"training_weighted_sum":15902.25,"_timestamp":1.7417228691599722e+09,"_step":2023,"v_loss":0.8600848913192749,"validation_improvement_pct":-69.01670682052182,"loss":-0.4906524419784546,"validation_weighted_sum":15022.23,"win_vs_spt":0,"improvement_over_spt":-8.765438611033668,"_wandb":{"runtime":954},"win_vs_wspt":0,"win_rate":0}