{"validation_improvement_pct":-63.07530901120597,"training_reward":-16349.625,"win_vs_wspt":11.11111111111111,"training_weighted_sum":16349.625,"loss":0.33581775426864624,"improvement_over_spt":-8.32008319329631,"win_vs_spt":50,"_runtime":280.247387,"improvement_over_wspt":-16.69047928302377,"v_loss":1.0017822980880737,"_wandb":{"runtime":280},"validation_weighted_sum":14493.65,"episode":999,"win_rate":10,"_timestamp":1.741641067850389e+09,"_step":1023}