{"validation_improvement_pct":-64.64724781579942,"improvement_over_wspt":-14.942687361995072,"win_rate":0,"win_vs_spt":0,"_wandb":{"runtime":764},"_step":1023,"_runtime":764.455887,"v_loss":1.013565182685852,"episode":999,"loss":-0.13574381172657013,"improvement_over_spt":-6.697663202791205,"validation_weighted_sum":14561.32,"training_weighted_sum":12650.1875,"training_reward":-12650.1875,"_timestamp":1.7416361393048162e+09,"win_vs_wspt":0}