{"improvement_over_wspt":-14.747856864527867,"win_rate":10,"win_vs_wspt":11.11111111111111,"_timestamp":1.7417219110528362e+09,"validation_weighted_sum":14924.48,"loss":-0.2552976906299591,"win_vs_spt":50,"training_reward":-12928.25,"improvement_over_spt":-6.516808210816643,"_runtime":512.863487,"training_weighted_sum":12928.25,"validation_improvement_pct":-68.12790006927469,"_wandb":{"runtime":512},"_step":2023,"v_loss":0.3617265224456787,"episode":1999}