{"episode":1999,"loss":-0.6839637756347656,"_runtime":912.120696,"training_weighted_sum":15157.6875,"win_rate":0,"_step":2023,"win_vs_wspt":0,"improvement_over_wspt":-12.353877126899606,"training_reward":-15157.6875,"_timestamp":1.741721391915184e+09,"win_vs_spt":0,"_wandb":{"runtime":912},"validation_weighted_sum":14262.12,"v_loss":0.8290497660636902,"improvement_over_spt":-4.294552496929245,"validation_improvement_pct":-59.85385234304365}