{"_runtime":661.22539,"_wandb":{"runtime":661},"training_reward":-13077.6875,"win_rate":0,"_step":1023,"win_vs_spt":0,"win_vs_wspt":0,"loss":-0.4741537868976593,"validation_improvement_pct":-73.341638425042,"improvement_over_spt":-8.728514050172198,"episode":999,"_timestamp":1.7416349856937642e+09,"v_loss":0.632394552230835,"training_weighted_sum":13077.6875,"improvement_over_wspt":-17.130471489803877,"validation_weighted_sum":15456.3}