{"episode":999,"validation_improvement_pct":-64.64724781579942,"_timestamp":1.741634319128335e+09,"training_weighted_sum":12650.1875,"training_reward":-12650.1875,"_step":1023,"improvement_over_wspt":-14.942687361995072,"_runtime":739.473594,"win_rate":0,"_wandb":{"runtime":739},"win_vs_wspt":0,"v_loss":1.013565182685852,"improvement_over_spt":-6.697663202791205,"validation_weighted_sum":14561.32,"win_vs_spt":0,"loss":-0.13574381172657013}