{"win_vs_spt":0,"_timestamp":1.741728879155652e+09,"win_rate":0,"_wandb":{"runtime":930},"v_loss":0.45046374201774597,"_step":2023,"episode":1999,"improvement_over_wspt":-13.471717106117678,"win_vs_wspt":0,"loss":-0.28387922048568726,"improvement_over_spt":-5.332208013383273,"validation_improvement_pct":-62.36385848784348,"training_reward":-15227.0625,"_runtime":930.870652,"validation_weighted_sum":14449.38,"training_weighted_sum":15227.0625}