{"training_weighted_sum":16349.625,"validation_improvement_pct":-63.07530901120597,"improvement_over_spt":-8.32008319329631,"training_reward":-16349.625,"_wandb":{"runtime":279},"validation_weighted_sum":14493.65,"win_rate":10,"_step":1023,"win_vs_wspt":11.11111111111111,"win_vs_spt":50,"improvement_over_wspt":-16.69047928302377,"episode":999,"_runtime":279.651343,"loss":0.33581775426864624,"v_loss":1.0017822980880737,"_timestamp":1.741641641081386e+09}