{"_runtime":280.966608,"_step":1023,"_timestamp":1.7416407833324878e+09,"win_vs_wspt":11.11111111111111,"win_vs_spt":50,"episode":999,"improvement_over_wspt":-16.69047928302377,"validation_improvement_pct":-63.07530901120597,"training_reward":-16349.625,"improvement_over_spt":-8.32008319329631,"loss":0.33581775426864624,"v_loss":1.0017822980880737,"validation_weighted_sum":14493.65,"training_weighted_sum":16349.625,"_wandb":{"runtime":280},"win_rate":10}