{"improvement_over_wspt":-14.942687361995072,"_wandb":{"runtime":726},"validation_improvement_pct":-64.64724781579942,"v_loss":1.013565182685852,"_timestamp":1.7416384160706758e+09,"win_vs_spt":0,"_runtime":726.761585,"training_reward":-12650.1875,"_step":1023,"validation_weighted_sum":14561.32,"win_vs_wspt":0,"training_weighted_sum":12650.1875,"improvement_over_spt":-6.697663202791205,"win_rate":0,"loss":-0.13574381172657013,"episode":999}