{"win_rate":0,"validation_weighted_sum":14236.49,"_wandb":{"runtime":502},"improvement_over_spt":-5.901147675636575,"v_loss":0.4143737256526947,"episode":1999,"_step":2023,"win_vs_wspt":0,"improvement_over_wspt":-14.084621379399923,"loss":-0.3360477089881897,"training_weighted_sum":13528.25,"validation_improvement_pct":-59.31612173162165,"_timestamp":1.741720470000513e+09,"_runtime":502.673776,"training_reward":-13528.25,"win_vs_spt":0}