{"training_reward":-13002.375,"_wandb":{"runtime":542},"improvement_over_wspt":-20.2055461748279,"_runtime":542.564921,"win_rate":0,"improvement_over_spt":-11.583008673503993,"win_vs_wspt":0,"loss":-0.21680821478366852,"validation_weighted_sum":15135.13,"episode":1999,"v_loss":0.22469006478786469,"training_weighted_sum":13002.375,"_step":2023,"win_vs_spt":0,"_timestamp":1.7417234169493032e+09,"validation_improvement_pct":-70.40154050221021}