{"episode":999,"validation_improvement_pct":-68.19098405351683,"training_weighted_sum":13148.0625,"improvement_over_wspt":-16.86988569944149,"_runtime":586.596704,"_timestamp":1.741640489929167e+09,"_step":1023,"win_rate":10,"_wandb":{"runtime":586},"training_reward":-13148.0625,"win_vs_wspt":11.11111111111111,"improvement_over_spt":-8.486620498406221,"win_vs_spt":50,"validation_weighted_sum":14898.26,"loss":-2.1155996322631836,"v_loss":1.7461484670639038}