{"episode":999,"_runtime":370.392317,"validation_weighted_sum":15491.84,"win_rate":0,"training_reward":-17606.875,"loss":-0.2317054271697998,"win_vs_spt":0,"improvement_over_spt":-9.830975938750445,"v_loss":0.24453464150428772,"validation_improvement_pct":-73.81005205789015,"win_vs_wspt":0,"_step":1023,"improvement_over_wspt":-18.318125730614366,"training_weighted_sum":17606.875,"_wandb":{"runtime":370},"_timestamp":1.741635369423239e+09}