{"_wandb":{"runtime":627},"training_weighted_sum":12867.75,"loss":-0.06040147319436073,"win_vs_wspt":0,"win_rate":0,"training_reward":-12867.75,"_runtime":627.26228,"_step":2023,"episode":1999,"validation_weighted_sum":14781.31,"win_vs_spt":0,"improvement_over_spt":-6.615524893936094,"v_loss":0.42697128653526306,"validation_improvement_pct":-65.76236747878625,"_timestamp":1.74172951143581e+09,"improvement_over_wspt":-14.854201844395384}