{"_step":43,"episode":43,"loss":5.847287654876709,"training_weighted_sum":15151.25,"_wandb":{"runtime":19},"v_loss":5.502981185913086,"_timestamp":1.741632873472169e+09,"_runtime":19.182414,"training_reward":-15151.25}