{"win_rate":0,"training_reward":-15360.9375,"validation_improvement_pct":-58.329377637809564,"improvement_over_wspt":-14.173106896999608,"episode":1999,"_timestamp":1.7417259285745192e+09,"loss":-0.2653566002845764,"win_vs_spt":0,"_step":2023,"improvement_over_spt":-5.983285984491685,"_wandb":{"runtime":946},"v_loss":0.8601987957954407,"win_vs_wspt":0,"validation_weighted_sum":14117.97,"training_weighted_sum":15360.9375,"_runtime":946.502302}