{"training_weighted_sum":12394.375,"training_reward":-12394.375,"validation_improvement_pct":-60.07861816624489,"win_rate":10,"_runtime":507.822195,"_timestamp":1.741726443772779e+09,"_step":2023,"win_vs_spt":50,"improvement_over_spt":-5.962939797894555,"_wandb":{"runtime":507},"validation_weighted_sum":14259.57,"win_vs_wspt":11.11111111111111,"improvement_over_wspt":-14.151188466034556,"v_loss":0.28819385170936584,"episode":1999,"loss":-0.24954141676425934}