{"_runtime":1028.906191,"improvement_over_wspt":-21.022210676711264,"validation_improvement_pct":-70.70346928291893,"win_vs_wspt":0,"_timestamp":1.741724451680892e+09,"loss":-0.9332285523414612,"training_reward":-15772.125,"v_loss":0.549941897392273,"_wandb":{"runtime":1028},"improvement_over_spt":-12.341092514864025,"_step":2023,"win_vs_spt":0,"validation_weighted_sum":15179.45,"episode":1999,"win_rate":0,"training_weighted_sum":15772.125}