{"win_vs_spt":0,"validation_improvement_pct":-65.96759924374945,"improvement_over_wspt":-19.220840368879085,"loss":-0.22404678165912628,"_wandb":{"runtime":1170},"episode":1999,"training_reward":-15902.6875,"training_weighted_sum":15902.6875,"win_rate":0,"validation_weighted_sum":14799.01,"win_vs_wspt":0,"_step":2023,"improvement_over_spt":-10.66893740156591,"_runtime":1170.53861,"v_loss":0.7953627705574036,"_timestamp":1.741730689330299e+09}