{
  "id": "exp_20250309_225210",
  "timestamp": "20250309_225210",
  "duration_minutes": 9.737615446249643,
  "description": "",
  "environment": {
    "n_j": 6,
    "n_m": 6,
    "device": "cpu",
    "num_envs": 8,
    "max_updates": 100,
    "feature_set": [
      "LBs",
      "finished_mark",
      "weighted_priorities",
      "normalized_weights",
      "machine_contention"
    ],
    "wspt_guidance_enabled": true,
    "wspt_guidance_duration": 0.2
  },
  "architecture": {
    "num_layers": 2,
    "input_dim": 5,
    "hidden_dim": 256,
    "num_mlp_layers_feature_extract": 2,
    "num_mlp_layers_actor": 2,
    "hidden_dim_actor": 32,
    "num_mlp_layers_critic": 2,
    "hidden_dim_critic": 32
  },
  "training_params": {
    "lr": 0.0005,
    "decayflag": true,
    "decay_step_size": 10,
    "decay_ratio": 0.25,
    "gamma": 1,
    "k_epochs": 1,
    "eps_clip": 0.2,
    "vloss_coef": 1,
    "ploss_coef": 2,
    "entloss_coef": 0.01,
    "rewardscale": 0.5,
    "init_quality_flag": false
  },
  "results": {
    "duration_minutes": 9.601703015963237,
    "best_validation_episode": 7,
    "validation_weighted_sum": 12797.22,
    "training_rewards": [
      -13983.125,
      -14168.25,
      -14150.25,
      -15244.375,
      -14245.875,
      -11913.75,
      -11606.75,
      -14183.875,
      -13684.375,
      -13498.375,
      -15505.125,
      -13061.5,
      -11228.625,
      -13608.125,
      -17170.0,
      -12958.0,
      -12871.5,
      -14441.625,
      -14663.25,
      -14377.0,
      -13939.375,
      -12617.0,
      -13753.875,
      -12532.625,
      -13231.375,
      -15251.875,
      -12226.875,
      -11049.875,
      -13145.5,
      -11207.875,
      -13017.25,
      -12689.375,
      -16473.125,
      -12371.25,
      -13458.5,
      -15051.5,
      -12706.0,
      -12689.25,
      -14052.625,
      -15409.875,
      -13647.875,
      -15958.625,
      -12573.5,
      -13904.5,
      -11842.75,
      -11524.875,
      -12722.75,
      -12985.75,
      -15620.75,
      -13676.875,
      -12682.25,
      -13044.625,
      -14109.5,
      -14717.875,
      -13814.0,
      -13166.375,
      -13659.375,
      -15008.5,
      -14790.0,
      -15202.75,
      -14486.125,
      -14589.625,
      -16057.875,
      -11152.625,
      -12825.5,
      -12838.625,
      -14114.875,
      -12456.625,
      -14964.125,
      -15512.25,
      -12925.125,
      -14617.625,
      -12849.875,
      -14156.875,
      -11669.125,
      -14450.875,
      -13134.875,
      -14444.125,
      -15094.875,
      -13768.875,
      -16020.25,
      -14549.375,
      -14834.125,
      -15605.375,
      -14299.375,
      -14773.0,
      -13469.125,
      -15106.125,
      -15534.5,
      -12601.75,
      -15483.5,
      -13036.75,
      -13469.5,
      -13297.25,
      -12308.0,
      -10344.0,
      -13363.5,
      -13288.125,
      -15096.625,
      -14415.5
    ],
    "training_weighted_sums": [
      13983.125,
      14168.25,
      14150.25,
      15244.375,
      14245.875,
      11913.75,
      11606.75,
      14183.875,
      13684.375,
      13498.375,
      15505.125,
      13061.5,
      11228.625,
      13608.125,
      17170.0,
      12958.0,
      12871.5,
      14441.625,
      14663.25,
      14377.0,
      13939.375,
      12617.0,
      13753.875,
      12532.625,
      13231.375,
      15251.875,
      12226.875,
      11049.875,
      13145.5,
      11207.875,
      13017.25,
      12689.375,
      16473.125,
      12371.25,
      13458.5,
      15051.5,
      12706.0,
      12689.25,
      14052.625,
      15409.875,
      13647.875,
      15958.625,
      12573.5,
      13904.5,
      11842.75,
      11524.875,
      12722.75,
      12985.75,
      15620.75,
      13676.875,
      12682.25,
      13044.625,
      14109.5,
      14717.875,
      13814.0,
      13166.375,
      13659.375,
      15008.5,
      14790.0,
      15202.75,
      14486.125,
      14589.625,
      16057.875,
      11152.625,
      12825.5,
      12838.625,
      14114.875,
      12456.625,
      14964.125,
      15512.25,
      12925.125,
      14617.625,
      12849.875,
      14156.875,
      11669.125,
      14450.875,
      13134.875,
      14444.125,
      15094.875,
      13768.875,
      16020.25,
      14549.375,
      14834.125,
      15605.375,
      14299.375,
      14773.0,
      13469.125,
      15106.125,
      15534.5,
      12601.75,
      15483.5,
      13036.75,
      13469.5,
      13297.25,
      12308.0,
      10344.0,
      13363.5,
      13288.125,
      15096.625,
      14415.5
    ],
    "losses": [
      9.855251192031325,
      7.329109396004441,
      5.3894681182234345,
      3.9921946120825624,
      2.8145508342866203,
      2.484912391837792,
      2.129177374385047,
      1.5212703119202926,
      1.1759715725056885,
      0.5765590856594763,
      0.41084434220566546,
      0.31739035335547894,
      0.3662742185941199,
      0.4296326336071354,
      -0.01610495630386717,
      -0.04449984494640333,
      0.06088622511061603,
      -0.03102689179749942,
      -0.07121754954658918,
      -0.01423549285806018,
      -0.10437244176864624,
      -0.05317981168627739,
      -0.2766588032245636,
      0.1090092658996582,
      -0.011505943723022938,
      -0.012944284826517105,
      -0.18585637211799622,
      -0.141993910074234,
      -0.002530667930841446,
      -0.1728125810623169,
      -0.027551842853426933,
      -0.13907915353775024,
      -0.04990091919898987,
      -0.12663191556930542,
      -0.15936881303787231,
      0.008092831820249557,
      -0.2508019804954529,
      0.21930578351020813,
      -0.052202560007572174,
      -0.09136522561311722,
      -0.12655246257781982,
      -0.03373491019010544,
      -0.06843563914299011,
      0.07199475169181824,
      -0.03424146771430969,
      0.14732235670089722,
      0.1103113442659378,
      0.21237812936306,
      -0.0797102227807045,
      -0.11842510104179382,
      -0.12311218678951263,
      -0.1282825767993927,
      -0.0057554347440600395,
      -0.007117083296179771,
      -0.05822312459349632,
      -0.011147142387926579,
      -0.005660664290189743,
      -0.23697687685489655,
      -0.14678539335727692,
      -0.06244943290948868,
      0.08723219484090805,
      0.14841581881046295,
      0.07850096374750137,
      -0.08470047265291214,
      0.08928685635328293,
      -0.04320821911096573,
      -0.05800628289580345,
      -0.09887358546257019,
      -0.05473141372203827,
      0.055842142552137375,
      -0.08291294425725937,
      0.0061197057366371155,
      -0.11730911582708359,
      -0.07545025646686554,
      0.08568417280912399,
      0.029717639088630676,
      0.060668110847473145,
      -0.06459741294384003,
      -0.017904197797179222,
      -0.15527261793613434,
      0.13077697157859802,
      -0.05615251511335373,
      -0.10718684643507004,
      0.1155986487865448,
      -0.08650924265384674,
      -0.14253157377243042,
      -0.09608961641788483,
      0.031718794256448746,
      0.04781602323055267,
      0.10375365614891052,
      -0.2319357842206955,
      -0.009631193242967129,
      -0.02512669377028942,
      0.10297602415084839,
      -0.0727308988571167,
      -0.041667647659778595,
      -0.05082191526889801,
      -0.13729411363601685,
      0.06615959107875824,
      -0.043355900794267654
    ],