{
  "id": "exp_20250309_215101",
  "timestamp": "20250309_215101",
  "duration_minutes": 9.035651699701946,
  "description": "",
  "environment": {
    "n_j": 6,
    "n_m": 6,
    "device": "cpu",
    "num_envs": 8,
    "max_updates": 100,
    "feature_set": [
      "LBs",
      "finished_mark",
      "weighted_priorities",
      "normalized_weights",
      "machine_contention"
    ],
    "wspt_guidance_enabled": true,
    "wspt_guidance_duration": 0.2
  },
  "architecture": {
    "num_layers": 2,
    "input_dim": 5,
    "hidden_dim": 256,
    "num_mlp_layers_feature_extract": 3,
    "num_mlp_layers_actor": 2,
    "hidden_dim_actor": 32,
    "num_mlp_layers_critic": 2,
    "hidden_dim_critic": 32
  },
  "training_params": {
    "lr": 0.0005,
    "decayflag": true,
    "decay_step_size": 10,
    "decay_ratio": 0.25,
    "gamma": 1,
    "k_epochs": 1,
    "eps_clip": 0.2,
    "vloss_coef": 1,
    "ploss_coef": 2,
    "entloss_coef": 0.05,
    "rewardscale": 0.5,
    "init_quality_flag": false
  },
  "results": {
    "duration_minutes": 8.90572014649709,
    "best_validation_episode": 59,
    "validation_weighted_sum": 12887.71,
    "training_rewards": [
      -14623.875,
      -13192.5,
      -14398.875,
      -15145.375,
      -14003.25,
      -12555.75,
      -10946.75,
      -13986.75,
      -13674.25,
      -13752.75,
      -15016.375,
      -13168.875,
      -10962.375,
      -12936.625,
      -16564.875,
      -12946.5,
      -12927.625,
      -13384.625,
      -14782.625,
      -13998.0,
      -14682.625,
      -12202.75,
      -13889.25,
      -12477.375,
      -13449.75,
      -15403.5,
      -11682.375,
      -11411.0,
      -13369.375,
      -12184.5,
      -13114.875,
      -13299.0,
      -15805.0,
      -11730.25,
      -13859.75,
      -14884.5,
      -12965.125,
      -11868.125,
      -13306.0,
      -15574.875,
      -12799.75,
      -16016.75,
      -12559.75,
      -13816.5,
      -12665.25,
      -11560.375,
      -12013.75,
      -13519.375,
      -15851.75,
      -13480.125,
      -12970.5,
      -12342.375,
      -13917.75,
      -13517.0,
      -13794.5,
      -13244.0,
      -13513.0,
      -15010.5,
      -14762.625,
      -14448.125,
      -14827.125,
      -14130.125,
      -16934.75,
      -11118.5,
      -12278.375,
      -12360.25,
      -14555.125,
      -12580.5,
      -13948.625,
      -15548.125,
      -12504.625,
      -15542.875,
      -13582.75,
      -13274.875,
      -12288.375,
      -15093.375,
      -13239.125,
      -13890.25,
      -15742.5,
      -13696.125,
      -16161.125,
      -15081.5,
      -13970.125,
      -14594.0,
      -13703.125,
      -14906.25,
      -13434.75,
      -15326.0,
      -16453.5,
      -11882.375,
      -16239.125,
      -12691.125,
      -12727.375,
      -14083.5,
      -11857.875,
      -10958.25,
      -14051.75,
      -14051.125,
      -14769.375,
      -14478.75
    ],
    "training_weighted_sums": [
      14623.875,
      13192.5,
      14398.875,
      15145.375,
      14003.25,
      12555.75,
      10946.75,
      13986.75,
      13674.25,
      13752.75,
      15016.375,
      13168.875,
      10962.375,
      12936.625,
      16564.875,
      12946.5,
      12927.625,
      13384.625,
      14782.625,
      13998.0,
      14682.625,
      12202.75,
      13889.25,
      12477.375,
      13449.75,
      15403.5,
      11682.375,
      11411.0,
      13369.375,
      12184.5,
      13114.875,
      13299.0,
      15805.0,
      11730.25,
      13859.75,
      14884.5,
      12965.125,
      11868.125,
      13306.0,
      15574.875,
      12799.75,
      16016.75,
      12559.75,
      13816.5,
      12665.25,
      11560.375,
      12013.75,
      13519.375,
      15851.75,
      13480.125,
      12970.5,
      12342.375,
      13917.75,
      13517.0,
      13794.5,
      13244.0,
      13513.0,
      15010.5,
      14762.625,
      14448.125,
      14827.125,
      14130.125,
      16934.75,
      11118.5,
      12278.375,
      12360.25,
      14555.125,
      12580.5,
      13948.625,
      15548.125,
      12504.625,
      15542.875,
      13582.75,
      13274.875,
      12288.375,
      15093.375,
      13239.125,
      13890.25,
      15742.5,
      13696.125,
      16161.125,
      15081.5,
      13970.125,
      14594.0,
      13703.125,
      14906.25,
      13434.75,
      15326.0,
      16453.5,
      11882.375,
      16239.125,
      12691.125,
      12727.375,
      14083.5,
      11857.875,
      10958.25,
      14051.75,
      14051.125,
      14769.375,
      14478.75
    ],
    "losses": [
      8.051949586391009,
      4.020229423922219,
      1.9472897213623241,
      1.1434599763185092,
      0.9183933348260286,
      0.6688946132999282,
      0.6432179773025402,
      0.5231322661672024,
      0.2724168252301015,
      0.4760478616310533,
      0.03876677458812317,
      0.33865552855280695,
      0.24307411821076458,
      0.10830698745293076,
      0.26256113217694665,
      0.00539215840432631,
      -0.1017804045940991,
      0.14484808439811458,
      -0.25353118600831004,
      -0.3169959009663629,
      -0.25238513946533203,
      -0.2110535353422165,
      -0.1498914659023285,
      -0.2454792559146881,
      -0.11258286237716675,
      -0.34736937284469604,
      0.00037000328302383423,
      -0.1259094625711441,
      -0.13935483992099762,
      0.10972429811954498,
      0.19730953872203827,
      -0.2643904685974121,
      -0.15633711218833923,
      -0.22758275270462036,
      -0.1125655323266983,
      -0.2852051556110382,
      -0.30325672030448914,
      -0.029062822461128235,
      -0.040728215128183365,
      -0.26733019948005676,
      -0.18110504746437073,
      -0.062452517449855804,
      -0.033823154866695404,
      -0.11157916486263275,
      -0.05514834076166153,
      -0.22596433758735657,
      -0.03215159475803375,
      -0.11857987195253372,
      -0.07707121968269348,
      0.03489820659160614,
      -0.048101235181093216,
      -0.19121582806110382,
      -0.08501529693603516,
      0.15764540433883667,
      -0.17298537492752075,
      -0.23869815468788147,
      -0.06882018595933914,
      -0.14625605940818787,
      -0.30727022886276245,
      -0.20245963335037231,
      -0.1940210908651352,
      -0.24345414340496063,
      -0.2990221679210663,
      -0.11200064420700073,
      0.0017817877233028412,
      0.16719196736812592,
      -0.2362573742866516,
      -0.16308286786079407,
      0.023379862308502197,
      -0.21122130751609802,
      -0.19820868968963623,
      0.008906673640012741,
      -0.04210579767823219,
      -0.06436378508806229,
      -0.21617236733436584,
      -0.28932619094848633,
      -0.2905023396015167,
      0.0743921548128128,
      -0.21584922075271606,
      -0.18396319448947906,
      -0.18363811075687408,
      -0.20671308040618896,
      -0.06960688531398773,
      0.10658302158117294,
      -0.038801152259111404,
      -0.07133995741605759,
      -0.025367572903633118,
      -0.29761409759521484,
      -0.2535276412963867,
      -0.13685835897922516,
      -0.3278132975101471,
      -0.04148311913013458,
      -0.12374719232320786,
      -0.2583947479724884,
      -0.12490171194076538,
      0.023873940110206604,
      -0.06321927160024643,
      -0.36757972836494446,
      -0.05621650815010071,
      -0.10699644684791565
    ],