{
  "id": "exp_20250311_195634",
  "timestamp": "20250311_195634",
  "duration_minutes": 53.890369764963786,
  "description": "",
  "environment": {
    "n_j": 6,
    "n_m": 6,
    "device": "cpu",
    "num_envs": 8,
    "max_updates": 10000,
    "feature_set": [
      "LBs",
      "finished_mark",
      "weighted_priorities",
      "normalized_weights",
      "machine_contention",
      "remaining_weighted_work",
      "time_elapsed"
    ],
    "wspt_guidance_enabled": false,
    "wspt_guidance_duration": 0
  },
  "architecture": {
    "num_layers": 3,
    "input_dim": 7,
    "hidden_dim": 64,
    "num_mlp_layers_feature_extract": 2,
    "num_mlp_layers_actor": 2,
    "hidden_dim_actor": 32,
    "num_mlp_layers_critic": 2,
    "hidden_dim_critic": 32
  },
  "training_params": {
    "lr": 2e-05,
    "decayflag": true,
    "decay_step_size": 2000,
    "decay_ratio": 0.9,
    "gamma": 1,
    "k_epochs": 1,
    "eps_clip": 0.2,
    "vloss_coef": 1,
    "ploss_coef": 2,
    "entloss_coef": 0.05,
    "rewardscale": 0.0,
    "init_quality_flag": false
  },
  "results": {
    "duration_minutes": 53.77899519999822,
    "best_validation_episode": 9900,
    "validation_weighted_sum": 13186.06,
    "training_rewards": {
      "type": "list",
      "length": 10000,
      "sample": [
        -14206.625,
        -14067.5,
        -14674.125,
        -15786.75,
        -14497.875
      ],
      "summary": {
        "mean": -14369.4067,
        "min": -20031.125,
        "max": -10085.25
      }
    },
    "training_weighted_sums": {
      "type": "list",
      "length": 10000,
      "sample": [
        14206.625,
        14067.5,
        14674.125,
        15786.75,
        14497.875
      ],
      "summary": {
        "mean": 14369.4067,
        "min": 10085.25,
        "max": 20031.125
      }
    },
    "losses": {
      "type": "list",
      "length": 10000,
      "sample": [
        6.172807693481445,
        6.193388938903809,
        5.770761489868164,
        6.003054141998291,
        5.856488227844238
      ],
      "summary": {
        "mean": -0.245991738339141,
        "min": -0.796497642993927,
        "max": 6.193388938903809
      }
    },
    "validation_history": [
      14447.89,
      14545.84,
      14474.77,
      14610.98,
      14641.05,
      14640.73,
      14703.07,
      14648.82,
      14668.2,
      14527.35,
      14644.99,
      14479.72,
      14353.14,
      14209.58,
      14252.23,
      14298.32,
      14384.19,
      14464.47,
      14417.57,
      14488.63,
      14402.3,
      14396.31,
      14290.42,
      14173.45,
      14159.23,
      14214.03,
      14127.71,
      14071.13,
      13877.26,
      13855.95,
      13751.11,
      13750.4,
      13786.07,
      13791.16,
      13611.43,
      13589.6,
      13739.67,
      13726.64,
      13736.57,
      13689.9,
      13631.78,
      13613.93,
      13602.53,
      13660.38,
      13656.05,
      13639.52,
      13595.25,
      13715.74,
      13711.58,
      13696.31,
      13692.0,
      13618.64,
      13602.33,
      13556.8,
      13601.26,
      13570.75,
      13527.7,
      13518.47,
      13525.08,
      13509.6,
      13502.85,
      13548.79,
      13517.4,
      13478.86,
      13571.86,
      13531.51,
      13504.41,
      13484.45,
      13485.05,
      13460.91,
      13499.5,
      13509.96,
      13544.71,
      13593.25,
      13600.23,
      13591.52,
      13568.92,
      13565.49,
      13569.8,
      13562.1,
      13579.85,
      13516.52,
      13463.72,
      13394.1,
      13399.11,
      13420.59,
      13437.08,
      13457.7,
      13379.87,
      13267.19,
      13263.1,
      13266.86,
      13239.34,
      13220.4,
      13287.78,
      13281.86,
      13295.64,
      13226.47,
      13186.06,
      13220.33
    ],
    "win_rate": 10.0,
    "win_vs_spt": 50.0,
    "win_vs_wspt": 11.11111111111111,
    "avg_weighted_sum": 13210.5,
    "improvement_over_spt": 0.4506303550032726,
    "improvement_over_wspt": -7.242011949603848,
    "training_completed": true,
    "test_win_rate": 23.0,
    "test_win_vs_spt": 79.3103448275862,
    "test_win_vs_srpt": 60.526315789473685,
    "test_win_vs_wspt": 29.11392405063291,
    "test_avg_weighted_sum": 13340.21,
    "test_improvement_over_spt": 5.630595578997413,
    "test_improvement_over_srpt": 3.5778975686689494,
    "test_improvement_over_wspt": -4.153179276498126,
    "testing_completed": true
  },
  "config_hash": "19113ee3",
  "is_duplicate": false
}