{
  "id": "exp_20250310_120202",
  "timestamp": "20250310_120202",
  "duration_minutes": 35.67313403288524,
  "description": "",
  "environment": {
    "n_j": 6,
    "n_m": 6,
    "device": "cpu",
    "num_envs": 4,
    "max_updates": 10000,
    "feature_set": [
      "LBs",
      "finished_mark",
      "weighted_priorities",
      "normalized_weights",
      "machine_contention",
      "remaining_weighted_work",
      "time_elapsed"
    ],
    "wspt_guidance_enabled": false,
    "wspt_guidance_duration": 0
  },
  "architecture": {
    "num_layers": 3,
    "input_dim": 7,
    "hidden_dim": 128,
    "num_mlp_layers_feature_extract": 2,
    "num_mlp_layers_actor": 2,
    "hidden_dim_actor": 32,
    "num_mlp_layers_critic": 2,
    "hidden_dim_critic": 32
  },
  "training_params": {
    "lr": 2e-05,
    "decayflag": false,
    "decay_step_size": 2000,
    "decay_ratio": 0.9,
    "gamma": 1,
    "k_epochs": 1,
    "eps_clip": 0.2,
    "vloss_coef": 1,
    "ploss_coef": 2,
    "entloss_coef": 0.01,
    "rewardscale": 0.0,
    "init_quality_flag": false
  },
  "results": {
    "duration_minutes": 35.562095300356546,
    "best_validation_episode": 5500,
    "validation_weighted_sum": 13376.5,
    "training_rewards": {
      "type": "list",
      "length": 10000,
      "sample": [
        -14087.5,
        -15253.0,
        -16020.5,
        -14626.0,
        -18579.25
      ],
      "summary": {
        "mean": -14203.761225,
        "min": -21040.25,
        "max": -8269.0
      }
    },
    "training_weighted_sums": {
      "type": "list",
      "length": 10000,
      "sample": [
        14087.5,
        15253.0,
        16020.5,
        14626.0,
        18579.25
      ],
      "summary": {
        "mean": 14203.761225,
        "min": 8269.0,
        "max": 21040.25
      }
    },
    "losses": {
      "type": "list",
      "length": 10000,
      "sample": [
        3.7432236671447754,
        3.544616937637329,
        3.455386161804199,
        3.516955852508545,
        3.5136678218841553
      ],
      "summary": {
        "mean": 0.09040265209660865,
        "min": -0.29110032320022583,
        "max": 3.7432236671447754
      }
    },
    "validation_history": [
      15298.1,
      14883.97,
      14749.2,
      14420.55,
      14440.83,
      14515.83,
      14496.87,
      14411.83,
      14310.68,
      14369.81,
      14399.01,
      14229.93,
      14334.44,
      14279.4,
      14286.27,
      14186.96,
      14162.17,
      14110.07,
      13998.61,
      14044.31,
      14008.56,
      14071.16,
      14081.01,
      13952.09,
      13922.99,
      13936.9,
      13905.49,
      13965.5,
      13886.27,
      13818.9,
      13834.75,
      13810.15,
      13765.66,
      13816.32,
      13765.12,
      13667.05,
      13683.99,
      13635.74,
      13552.52,
      13622.83,
      13581.74,
      13578.43,
      13555.3,
      13594.66,
      13536.11,
      13512.32,
      13446.28,
      13541.7,
      13490.11,
      13498.67,
      13481.77,
      13470.34,
      13467.21,
      13415.85,
      13376.5,
      13445.41,
      13497.48,
      13555.49,
      13571.94,
      13573.43,
      13654.04,
      13593.14,
      13498.49,
      13526.87,
      13514.33,
      13542.76,
      13517.86,
      13536.71,
      13502.19,
      13457.91,
      13532.29,
      13473.27,
      13420.96,
      13465.72,
      13488.52,
      13409.15,
      13437.25,
      13548.71,
      13524.87,
      13507.37,
      13535.52,
      13528.62,
      13550.36,
      13547.81,
      13554.48,
      13504.59,
      13505.4,
      13539.99,
      13532.39,
      13479.66,
      13465.01,
      13484.95,
      13499.69,
      13508.57,
      13541.18,
      13567.3,
      13580.71,
      13574.91,
      13581.18,
      13588.61
    ],
    "win_rate": 30.0,
    "win_vs_spt": 75.0,
    "win_vs_wspt": 33.33333333333333,
    "avg_weighted_sum": 13050.5,
    "improvement_over_spt": 1.6563303015003374,
    "improvement_over_wspt": -5.943141966489158,
    "training_completed": true,
    "test_win_rate": 14.000000000000002,
    "test_win_vs_spt": 70.0,
    "test_win_vs_srpt": 43.75,
    "test_win_vs_wspt": 18.421052631578945,
    "test_avg_weighted_sum": 13643.68,
    "test_improvement_over_spt": 2.947701924944174,
    "test_improvement_over_srpt": 1.8816525749478772,
    "test_improvement_over_wspt": -7.608571345193904,
    "testing_completed": true
  },
  "config_hash": "5fcf634d",
  "is_duplicate": false
}