{
  "id": "exp_20250309_223155",
  "timestamp": "20250309_223155",
  "duration_minutes": 12.923494450251262,
  "description": "",
  "environment": {
    "n_j": 6,
    "n_m": 6,
    "device": "cpu",
    "num_envs": 8,
    "max_updates": 100,
    "feature_set": [
      "LBs",
      "finished_mark",
      "weighted_priorities",
      "normalized_weights",
      "machine_contention"
    ],
    "wspt_guidance_enabled": true,
    "wspt_guidance_duration": 0.2
  },
  "architecture": {
    "num_layers": 3,
    "input_dim": 5,
    "hidden_dim": 256,
    "num_mlp_layers_feature_extract": 2,
    "num_mlp_layers_actor": 2,
    "hidden_dim_actor": 32,
    "num_mlp_layers_critic": 2,
    "hidden_dim_critic": 32
  },
  "training_params": {
    "lr": 0.0005,
    "decayflag": true,
    "decay_step_size": 10,
    "decay_ratio": 0.25,
    "gamma": 1,
    "k_epochs": 1,
    "eps_clip": 0.2,
    "vloss_coef": 1,
    "ploss_coef": 2,
    "entloss_coef": 0.01,
    "rewardscale": 0.5,
    "init_quality_flag": false
  },
  "results": {
    "duration_minutes": 12.725487414995829,
    "best_validation_episode": 10,
    "validation_weighted_sum": 12912.14,
    "training_rewards": [
      -14322.625,
      -14039.25,
      -14020.0,
      -15086.75,
      -13585.125,
      -11968.625,
      -11328.0,
      -14057.75,
      -12986.875,
      -13771.125,
      -15389.375,
      -12493.375,
      -11038.875,
      -13114.5,
      -16670.0,
      -13276.625,
      -12180.75,
      -14190.375,
      -14437.125,
      -15093.75,
      -14900.75,
      -12533.875,
      -14614.375,
      -12386.25,
      -13972.125,
      -15577.75,
      -11880.5,
      -11689.5,
      -14026.75,
      -11309.375,
      -12995.625,
      -12627.5,
      -16222.75,
      -11957.25,
      -14536.375,
      -15271.0,
      -12929.5,
      -12369.125,
      -13558.5,
      -15882.0,
      -12904.5,
      -15349.0,
      -12710.5,
      -13239.0,
      -12011.0,
      -11874.625,
      -11726.625,
      -13006.875,
      -15725.375,
      -13301.125,
      -12702.875,
      -12599.0,
      -13648.625,
      -13530.125,
      -14221.375,
      -12711.625,
      -14055.25,
      -14909.125,
      -14494.25,
      -14143.25,
      -13889.5,
      -13750.125,
      -16871.125,
      -11773.625,
      -12714.25,
      -12949.25,
      -13657.75,
      -12502.875,
      -13787.875,
      -15797.75,
      -12768.0,
      -14817.625,
      -13669.375,
      -13813.75,
      -11925.25,
      -14979.125,
      -13114.125,
      -14517.0,
      -15309.125,
      -13808.5,
      -15240.125,
      -14803.375,
      -14561.625,
      -15040.375,
      -13250.25,
      -14674.625,
      -13313.0,
      -15615.75,
      -16486.25,
      -11880.25,
      -15955.625,
      -13166.375,
      -13610.625,
      -13108.375,
      -11810.375,
      -9770.875,
      -12740.125,
      -13510.75,
      -15088.625,
      -15080.875
    ],
    "training_weighted_sums": [
      14322.625,
      14039.25,
      14020.0,
      15086.75,
      13585.125,
      11968.625,
      11328.0,
      14057.75,
      12986.875,
      13771.125,
      15389.375,
      12493.375,
      11038.875,
      13114.5,
      16670.0,
      13276.625,
      12180.75,
      14190.375,
      14437.125,
      15093.75,
      14900.75,
      12533.875,
      14614.375,
      12386.25,
      13972.125,
      15577.75,
      11880.5,
      11689.5,
      14026.75,
      11309.375,
      12995.625,
      12627.5,
      16222.75,
      11957.25,
      14536.375,
      15271.0,
      12929.5,
      12369.125,
      13558.5,
      15882.0,
      12904.5,
      15349.0,
      12710.5,
      13239.0,
      12011.0,
      11874.625,
      11726.625,
      13006.875,
      15725.375,
      13301.125,
      12702.875,
      12599.0,
      13648.625,
      13530.125,
      14221.375,
      12711.625,
      14055.25,
      14909.125,
      14494.25,
      14143.25,
      13889.5,
      13750.125,
      16871.125,
      11773.625,
      12714.25,
      12949.25,
      13657.75,
      12502.875,
      13787.875,
      15797.75,
      12768.0,
      14817.625,
      13669.375,
      13813.75,
      11925.25,
      14979.125,
      13114.125,
      14517.0,
      15309.125,
      13808.5,
      15240.125,
      14803.375,
      14561.625,
      15040.375,
      13250.25,
      14674.625,
      13313.0,
      15615.75,
      16486.25,
      11880.25,
      15955.625,
      13166.375,
      13610.625,
      13108.375,
      11810.375,
      9770.875,
      12740.125,
      13510.75,
      15088.625,
      15080.875
    ],
    "losses": [
      5.851651272320935,
      2.099065967045998,
      0.9962411442373983,
      0.8383388343239639,
      0.8072854383483086,
      1.167186241609755,
      1.2472496526168149,
      1.6173523364674005,
      1.6246634906012136,
      1.50979777926059,
      1.2257076146493102,
      1.1418471932062209,
      1.0113562338795683,
      1.0813504928228472,
      0.8953673211234302,
      0.6066248974297417,
      0.7360063011846778,
      0.7187964784352522,
      0.3891905453872033,
      0.34396796113370776,
      0.46419262886047363,
      0.36038342118263245,
      0.23472686111927032,
      0.2372957170009613,
      0.35866665840148926,
      0.31164637207984924,
      0.5058273077011108,
      0.22553686797618866,
      0.24273233115673065,
      0.48181551694869995,
      0.26343947649002075,
      0.2648448646068573,
      0.2639614939689636,
      0.2876254916191101,
      0.06909218430519104,
      0.46296849846839905,
      0.3642994165420532,
      0.3338892161846161,
      0.30266648530960083,
      0.29696422815322876,
      0.355722039937973,
      0.10346272587776184,
      0.3290734887123108,
      0.433698832988739,
      0.4333423376083374,
      0.4357824921607971,
      0.3096522092819214,
      0.1333819031715393,
      0.2216910719871521,
      0.44841599464416504,
      0.28210777044296265,
      0.15908211469650269,
      0.3055689334869385,
      0.27483245730400085,
      0.3387324810028076,
      0.2429530918598175,
      0.21350495517253876,
      0.5026379823684692,
      0.1247556284070015,
      0.22690920531749725,
      0.25383132696151733,
      0.29690584540367126,
      0.31290942430496216,
      0.4803028702735901,
      0.2774916887283325,
      0.20447945594787598,
      0.3592452108860016,
      0.27925705909729004,
      0.2646242082118988,
      0.371749609708786,
      0.40847134590148926,
      0.22674356400966644,
      0.23218980431556702,
      0.1682446002960205,
      0.31380945444107056,
      0.19520948827266693,
      0.19377480447292328,
      0.24641570448875427,
      0.35233885049819946,
      0.5441924333572388,
      0.1754268854856491,
      0.17325356602668762,
      0.26452457904815674,
      0.4211110472679138,
      0.2182237058877945,
      0.26167288422584534,
      0.2614542543888092,
      0.22522297501564026,
      0.10160357505083084,
      0.3908546566963196,
      0.33918964862823486,
      0.22772538661956787,
      0.1536279171705246,
      0.26765286922454834,
      0.39669445157051086,
      0.3391645550727844,
      0.413921594619751,
      0.22787921130657196,
      0.3794453740119934,
      0.26348623633384705
    ],