{
  "id": "exp_20250310_185447",
  "timestamp": "20250310_185447",
  "duration_minutes": 56.11914459864298,
  "description": "",
  "environment": {
    "n_j": 6,
    "n_m": 6,
    "device": "cpu",
    "num_envs": 8,
    "max_updates": 10000,
    "feature_set": [
      "LBs",
      "finished_mark",
      "weighted_priorities",
      "normalized_weights",
      "machine_contention",
      "remaining_weighted_work",
      "time_elapsed"
    ],
    "wspt_guidance_enabled": false,
    "wspt_guidance_duration": 0
  },
  "architecture": {
    "num_layers": 3,
    "input_dim": 7,
    "hidden_dim": 64,
    "num_mlp_layers_feature_extract": 2,
    "num_mlp_layers_actor": 2,
    "hidden_dim_actor": 32,
    "num_mlp_layers_critic": 2,
    "hidden_dim_critic": 32
  },
  "training_params": {
    "lr": 2e-05,
    "decayflag": false,
    "decay_step_size": 2000,
    "decay_ratio": 0.9,
    "gamma": 1,
    "k_epochs": 1,
    "eps_clip": 0.2,
    "vloss_coef": 1,
    "ploss_coef": 2,
    "entloss_coef": 0.05,
    "rewardscale": 0.0,
    "init_quality_flag": false
  },
  "results": {
    "duration_minutes": 56.00791949828466,
    "best_validation_episode": 9900,
    "validation_weighted_sum": 12945.01,
    "training_rewards": {
      "type": "list",
      "length": 10000,
      "sample": [
        -14206.625,
        -14067.5,
        -14674.125,
        -15786.75,
        -14497.875
      ],
      "summary": {
        "mean": -14338.321,
        "min": -20258.125,
        "max": -10171.375
      }
    },
    "training_weighted_sums": {
      "type": "list",
      "length": 10000,
      "sample": [
        14206.625,
        14067.5,
        14674.125,
        15786.75,
        14497.875
      ],
      "summary": {
        "mean": 14338.321,
        "min": 10171.375,
        "max": 20258.125
      }
    },
    "losses": {
      "type": "list",
      "length": 10000,
      "sample": [
        6.172807693481445,
        6.193388938903809,
        5.770761489868164,
        6.003054141998291,
        5.856488227844238
      ],
      "summary": {
        "mean": -0.2520270717162639,
        "min": -0.7987580299377441,
        "max": 6.193388938903809
      }
    },
    "validation_history": [
      14447.89,
      14545.84,
      14474.77,
      14610.98,
      14641.05,
      14640.73,
      14703.07,
      14648.82,
      14668.2,
      14527.35,
      14644.99,
      14479.72,
      14353.14,
      14209.58,
      14252.23,
      14298.32,
      14384.19,
      14464.47,
      14417.57,
      14488.63,
      14381.23,
      14383.04,
      14252.27,
      14190.33,
      14231.81,
      14160.5,
      14032.41,
      13993.09,
      13800.86,
      13759.57,
      13750.76,
      13746.2,
      13667.9,
      13648.36,
      13544.31,
      13567.32,
      13642.64,
      13638.98,
      13683.78,
      13633.23,
      13602.81,
      13610.71,
      13567.53,
      13583.25,
      13581.17,
      13591.32,
      13586.96,
      13568.87,
      13566.41,
      13578.73,
      13556.34,
      13543.0,
      13519.37,
      13546.1,
      13565.08,
      13505.49,
      13520.92,
      13476.51,
      13420.35,
      13467.47,
      13437.77,
      13439.82,
      13484.46,
      13540.16,
      13586.96,
      13582.03,
      13607.83,
      13615.1,
      13601.53,
      13575.72,
      13591.06,
      13513.22,
      13475.43,
      13460.69,
      13467.62,
      13398.41,
      13411.76,
      13412.5,
      13315.59,
      13213.25,
      13188.2,
      13169.67,
      13172.88,
      13204.25,
      13210.17,
      13226.86,
      13188.39,
      13155.74,
      13142.7,
      13140.91,
      13130.89,
      13089.57,
      13097.99,
      13096.47,
      13051.06,
      13082.35,
      13051.97,
      13033.08,
      12945.01,
      12958.4
    ],
    "win_rate": 0.0,
    "win_vs_spt": 0.0,
    "win_vs_wspt": 0.0,
    "avg_weighted_sum": 13124.4,
    "improvement_over_spt": 1.0994476387120085,
    "improvement_over_wspt": -6.543057539940252,
    "training_completed": true,
    "test_win_rate": 28.999999999999996,
    "test_win_vs_spt": 85.29411764705883,
    "test_win_vs_srpt": 64.44444444444444,
    "test_win_vs_wspt": 36.708860759493675,
    "test_avg_weighted_sum": 13284.76,
    "test_improvement_over_spt": 6.0228520333669096,
    "test_improvement_over_srpt": 3.9786862803771763,
    "test_improvement_over_wspt": -3.7202555226080665,
    "testing_completed": true
  },
  "config_hash": "7e182c74",
  "is_duplicate": false
}