{
  "id": "exp_20250309_232251",
  "timestamp": "20250309_232251",
  "duration_minutes": 5.25045229991277,
  "description": "",
  "environment": {
    "n_j": 6,
    "n_m": 6,
    "device": "cpu",
    "num_envs": 8,
    "max_updates": 100,
    "feature_set": [
      "LBs",
      "finished_mark",
      "weighted_priorities",
      "normalized_weights"
    ],
    "wspt_guidance_enabled": false,
    "wspt_guidance_duration": 0
  },
  "architecture": {
    "num_layers": 2,
    "input_dim": 4,
    "hidden_dim": 256,
    "num_mlp_layers_feature_extract": 2,
    "num_mlp_layers_actor": 2,
    "hidden_dim_actor": 32,
    "num_mlp_layers_critic": 2,
    "hidden_dim_critic": 32
  },
  "training_params": {
    "lr": 0.0005,
    "decayflag": true,
    "decay_step_size": 10,
    "decay_ratio": 0.25,
    "gamma": 1,
    "k_epochs": 1,
    "eps_clip": 0.2,
    "vloss_coef": 1,
    "ploss_coef": 2,
    "entloss_coef": 0.01,
    "rewardscale": 0.5,
    "init_quality_flag": false
  },
  "results": {
    "duration_minutes": 5.178692630926768,
    "best_validation_episode": 2,
    "validation_weighted_sum": 13158.19,
    "training_rewards": [
      -13703.125,
      -14837.375,
      -14696.875,
      -15853.375,
      -14440.5,
      -13600.625,
      -13106.125,
      -14751.125,
      -13631.125,
      -14428.875,
      -17013.125,
      -13596.125,
      -11622.25,
      -13678.5,
      -17789.125,
      -13891.5,
      -13266.75,
      -15418.875,
      -15008.625,
      -15444.75,
      -15076.25,
      -13069.625,
      -14807.25,
      -14523.875,
      -15667.125,
      -16390.5,
      -12638.0,
      -12605.375,
      -14914.5,
      -12169.375,
      -13285.375,
      -14328.25,
      -16234.625,
      -13270.625,
      -14832.375,
      -14926.25,
      -13831.125,
      -13122.375,
      -14447.625,
      -15960.125,
      -15175.125,
      -16671.875,
      -14369.375,
      -14879.625,
      -14198.375,
      -12584.25,
      -14256.5,
      -14568.875,
      -16422.125,
      -14705.75,
      -13816.625,
      -13323.75,
      -14679.75,
      -14381.625,
      -14569.875,
      -13925.375,
      -14740.125,
      -15539.75,
      -14695.75,
      -15145.375,
      -15680.5,
      -15874.875,
      -17577.75,
      -12668.0,
      -13772.125,
      -13187.875,
      -14958.5,
      -13320.75,
      -15659.0,
      -17031.625,
      -13506.875,
      -16069.5,
      -13799.0,
      -13604.5,
      -13393.0,
      -15478.0,
      -13519.375,
      -15773.0,
      -16102.75,
      -14567.125,
      -16442.875,
      -15792.875,
      -15949.125,
      -15950.625,
      -14244.375,
      -16114.5,
      -14374.375,
      -15632.0,
      -16589.0,
      -13574.125,
      -16750.625,
      -14177.625,
      -13924.625,
      -15208.625,
      -13298.75,
      -11307.875,
      -14687.5,
      -14974.125,
      -16521.625,
      -15204.25
    ],
    "training_weighted_sums": [
      13703.125,
      14837.375,
      14696.875,
      15853.375,
      14440.5,
      13600.625,
      13106.125,
      14751.125,
      13631.125,
      14428.875,
      17013.125,
      13596.125,
      11622.25,
      13678.5,
      17789.125,
      13891.5,
      13266.75,
      15418.875,
      15008.625,
      15444.75,
      15076.25,
      13069.625,
      14807.25,
      14523.875,
      15667.125,
      16390.5,
      12638.0,
      12605.375,
      14914.5,
      12169.375,
      13285.375,
      14328.25,
      16234.625,
      13270.625,
      14832.375,
      14926.25,
      13831.125,
      13122.375,
      14447.625,
      15960.125,
      15175.125,
      16671.875,
      14369.375,
      14879.625,
      14198.375,
      12584.25,
      14256.5,
      14568.875,
      16422.125,
      14705.75,
      13816.625,
      13323.75,
      14679.75,
      14381.625,
      14569.875,
      13925.375,
      14740.125,
      15539.75,
      14695.75,
      15145.375,
      15680.5,
      15874.875,
      17577.75,
      12668.0,
      13772.125,
      13187.875,
      14958.5,
      13320.75,
      15659.0,
      17031.625,
      13506.875,
      16069.5,
      13799.0,
      13604.5,
      13393.0,
      15478.0,
      13519.375,
      15773.0,
      16102.75,
      14567.125,
      16442.875,
      15792.875,
      15949.125,
      15950.625,
      14244.375,
      16114.5,
      14374.375,
      15632.0,
      16589.0,
      13574.125,
      16750.625,
      14177.625,
      13924.625,
      15208.625,
      13298.75,
      11307.875,
      14687.5,
      14974.125,
      16521.625,
      15204.25
    ],
    "losses": [
      10.049386978149414,
      7.105601787567139,
      4.916098594665527,
      3.5738911628723145,
      2.312276601791382,
      1.8489373922348022,
      1.002882957458496,
      0.730751633644104,
      0.3169320821762085,
      -0.07681085169315338,
      -0.6411899328231812,
      -0.6798147559165955,
      -0.6454748511314392,
      -0.5809997916221619,
      -0.3917636573314667,
      -0.7014606595039368,
      -0.2695084810256958,
      -0.4367062449455261,
      -0.4250158667564392,
      -0.6319975852966309,
      -0.2568020224571228,
      -0.15591947734355927,
      -0.4938536584377289,
      -0.05124557018280029,
      -0.3491320013999939,
      -0.4554118514060974,
      -0.3815482258796692,
      -0.1263006180524826,
      0.10350538790225983,
      -0.09671677649021149,
      -0.04984644055366516,
      -0.30344247817993164,
      -0.36771056056022644,
      -0.2133406698703766,
      -0.15318919718265533,
      -0.30583515763282776,
      -0.11345425248146057,
      0.007411632686853409,
      0.2412140667438507,
      -0.5196090936660767,
      -0.16964031755924225,
      -0.1165696382522583,
      -0.30873382091522217,
      -0.2996399998664856,
      0.001974731683731079,
      -0.06861606240272522,
      -0.2427111119031906,
      -0.3624708652496338,
      -0.1586853563785553,
      -0.024457812309265137,
      -0.1636340320110321,
      -0.03207075595855713,
      -0.38556089997291565,
      -0.10866034030914307,
      -0.20321914553642273,
      -0.2578161954879761,
      -0.05409208685159683,
      -0.3644300103187561,
      -0.27346140146255493,
      -0.10612811148166656,
      -0.29282402992248535,
      -0.26241424679756165,
      0.18369847536087036,
      -0.3936026096343994,
      -0.30728915333747864,
      -0.08212462067604065,
      -0.3909871280193329,
      0.2352588176727295,
      -0.15755786001682281,
      -0.23666831851005554,
      0.06206896901130676,
      -0.35127338767051697,
      -0.14208891987800598,
      -0.18328839540481567,
      -0.23728139698505402,
      -0.18608054518699646,
      -0.19432991743087769,
      -0.5491974353790283,
      -0.05497880280017853,
      -0.3056163191795349,
      -0.41426610946655273,
      -0.10298162698745728,
      0.06326015293598175,
      -0.10522325336933136,
      -0.38223832845687866,
      -0.20636731386184692,
      0.11549890041351318,
      -0.3447049856185913,
      -0.12818187475204468,
      -0.10203476250171661,
      -0.16653797030448914,
      -0.042105093598365784,
      -0.5237046480178833,
      0.016257628798484802,
      -0.2203492969274521,
      -0.39593565464019775,
      -0.17096877098083496,
      -0.33308055996894836,
      -0.05331598222255707,
      -0.3235018253326416
    ],