{
  "id": "exp_20250310_082656",
  "timestamp": "20250310_082656",
  "duration_minutes": 7.029380663235982,
  "description": "",
  "environment": {
    "n_j": 6,
    "n_m": 6,
    "device": "cpu",
    "num_envs": 8,
    "max_updates": 100,
    "feature_set": [
      "LBs",
      "finished_mark",
      "weighted_priorities",
      "normalized_weights",
      "machine_contention",
      "remaining_weighted_work"
    ],
    "wspt_guidance_enabled": false,
    "wspt_guidance_duration": 0
  },
  "architecture": {
    "num_layers": 2,
    "input_dim": 6,
    "hidden_dim": 256,
    "num_mlp_layers_feature_extract": 2,
    "num_mlp_layers_actor": 2,
    "hidden_dim_actor": 32,
    "num_mlp_layers_critic": 2,
    "hidden_dim_critic": 32
  },
  "training_params": {
    "lr": 0.0005,
    "decayflag": true,
    "decay_step_size": 10,
    "decay_ratio": 0.25,
    "gamma": 1,
    "k_epochs": 1,
    "eps_clip": 0.2,
    "vloss_coef": 1,
    "ploss_coef": 2,
    "entloss_coef": 0.01,
    "rewardscale": 0.5,
    "init_quality_flag": false
  },
  "results": {
    "duration_minutes": 6.926856700579325,
    "best_validation_episode": 7,
    "validation_weighted_sum": 13713.86,
    "training_rewards": [
      -15223.625,
      -15084.625,
      -14544.375,
      -15991.625,
      -15355.875,
      -13177.125,
      -12189.75,
      -15828.75,
      -14564.125,
      -14402.875,
      -16365.5,
      -13173.625,
      -11055.125,
      -13626.75,
      -17966.5,
      -13653.5,
      -13602.625,
      -15245.875,
      -15095.5,
      -15161.875,
      -15639.0,
      -13169.0,
      -15133.0,
      -14014.875,
      -15045.75,
      -15738.375,
      -12661.875,
      -12146.25,
      -13935.375,
      -12169.125,
      -13955.5,
      -13349.75,
      -16702.0,
      -12200.75,
      -13911.875,
      -15150.125,
      -13035.875,
      -13460.375,
      -13743.25,
      -15600.25,
      -13859.25,
      -16459.375,
      -13829.625,
      -13974.0,
      -13785.125,
      -12369.875,
      -12820.0,
      -13982.625,
      -15572.5,
      -14042.125,
      -13202.625,
      -12968.0,
      -13420.25,
      -14704.75,
      -14255.25,
      -13481.0,
      -14797.375,
      -15769.375,
      -14753.75,
      -15358.125,
      -14974.875,
      -15112.125,
      -17256.375,
      -11870.375,
      -13765.375,
      -13191.875,
      -14349.0,
      -13582.375,
      -15697.875,
      -16084.875,
      -13559.75,
      -15416.875,
      -14435.0,
      -13675.0,
      -12063.0,
      -15830.375,
      -13672.25,
      -15076.375,
      -14977.5,
      -14337.125,
      -16964.375,
      -15637.625,
      -16437.375,
      -16307.5,
      -13999.375,
      -16343.75,
      -14014.625,
      -16364.125,
      -16646.75,
      -13771.25,
      -16825.625,
      -13706.875,
      -13488.875,
      -13893.625,
      -12759.5,
      -10785.125,
      -14763.0,
      -14534.875,
      -15652.75,
      -15470.375
    ],
    "training_weighted_sums": [
      15223.625,
      15084.625,
      14544.375,
      15991.625,
      15355.875,
      13177.125,
      12189.75,
      15828.75,
      14564.125,
      14402.875,
      16365.5,
      13173.625,
      11055.125,
      13626.75,
      17966.5,
      13653.5,
      13602.625,
      15245.875,
      15095.5,
      15161.875,
      15639.0,
      13169.0,
      15133.0,
      14014.875,
      15045.75,
      15738.375,
      12661.875,
      12146.25,
      13935.375,
      12169.125,
      13955.5,
      13349.75,
      16702.0,
      12200.75,
      13911.875,
      15150.125,
      13035.875,
      13460.375,
      13743.25,
      15600.25,
      13859.25,
      16459.375,
      13829.625,
      13974.0,
      13785.125,
      12369.875,
      12820.0,
      13982.625,
      15572.5,
      14042.125,
      13202.625,
      12968.0,
      13420.25,
      14704.75,
      14255.25,
      13481.0,
      14797.375,
      15769.375,
      14753.75,
      15358.125,
      14974.875,
      15112.125,
      17256.375,
      11870.375,
      13765.375,
      13191.875,
      14349.0,
      13582.375,
      15697.875,
      16084.875,
      13559.75,
      15416.875,
      14435.0,
      13675.0,
      12063.0,
      15830.375,
      13672.25,
      15076.375,
      14977.5,
      14337.125,
      16964.375,
      15637.625,
      16437.375,
      16307.5,
      13999.375,
      16343.75,
      14014.625,
      16364.125,
      16646.75,
      13771.25,
      16825.625,
      13706.875,
      13488.875,
      13893.625,
      12759.5,
      10785.125,
      14763.0,
      14534.875,
      15652.75,
      15470.375
    ],
    "losses": [
      9.39963436126709,
      6.334906578063965,
      4.4849534034729,
      3.460651397705078,
      2.7053520679473877,
      2.17559814453125,
      1.8590803146362305,
      1.590258002281189,
      0.9334738850593567,
      0.8884671330451965,
      0.44764578342437744,
      0.016558516770601273,
      0.2912657558917999,
      -0.027625268325209618,
      0.00722581148147583,
      -0.11438202112913132,
      -0.2514929175376892,
      -0.03992132470011711,
      -0.14621080458164215,
      -0.05425800383090973,
      -0.01611233502626419,
      -0.13201478123664856,
      -0.02517310343682766,
      0.18625976145267487,
      -0.1248324066400528,
      -0.016439706087112427,
      -0.11209386587142944,
      -0.1885833442211151,
      -0.23179347813129425,
      -0.17789891362190247,
      -0.08752311766147614,
      -0.3176927864551544,
      -0.30105262994766235,
      -0.13842475414276123,
      -0.2309047281742096,
      -0.2608480155467987,
      -0.12424102425575256,
      -0.12137344479560852,
      -0.10742709040641785,
      -0.095733143389225,
      -0.2957935333251953,
      0.013215071521699429,
      -0.052610550075769424,
      -0.13486038148403168,
      -0.09968002140522003,
      -0.019649172201752663,
      0.02057436853647232,
      0.03440534695982933,
      -0.284254789352417,
      -0.008187413215637207,
      -0.17231623828411102,
      0.2156260907649994,
      -0.24502035975456238,
      -0.02303021028637886,
      0.0922936201095581,
      -0.25705280900001526,
      -0.0423143208026886,
      0.08333104848861694,
      -0.1656568944454193,
      -0.024814514443278313,
      -0.3760002851486206,
      -0.18963247537612915,
      -0.07301413267850876,
      -0.18076859414577484,
      0.011699902825057507,
      0.018960610032081604,
      -0.06994504481554031,
      -0.10096722096204758,
      0.1042344719171524,
      -0.1530853807926178,
      -0.15451791882514954,
      -0.18300879001617432,
      -0.04692348465323448,
      -0.31598737835884094,
      -0.11222153902053833,
      -0.33917325735092163,
      0.02523072250187397,
      -0.00346335768699646,
      -0.17845943570137024,
      -0.0031701773405075073,
      -0.13132193684577942,
      -0.04900071397423744,
      0.115811787545681,
      -0.08807146549224854,
      -0.060303837060928345,
      -0.08604518324136734,
      -0.15884464979171753,
      -0.1669134795665741,
      -0.0015466883778572083,
      0.03202388808131218,
      0.10936354845762253,
      0.037717051804065704,
      -0.22996041178703308,
      0.11216725409030914,
      0.18383312225341797,
      0.006832912564277649,
      -0.06285038590431213,
      0.14279574155807495,
      -0.19578738510608673,
      -0.10043857991695404
    ],