{
  "id": "exp_20250309_213356",
  "timestamp": "20250309_213356",
  "duration_minutes": 7.4461991826693215,
  "description": "",
  "environment": {
    "n_j": 6,
    "n_m": 6,
    "device": "cpu",
    "num_envs": 8,
    "max_updates": 100,
    "feature_set": [
      "LBs",
      "finished_mark",
      "weighted_priorities",
      "normalized_weights",
      "machine_contention"
    ],
    "wspt_guidance_enabled": true,
    "wspt_guidance_duration": 0.2
  },
  "architecture": {
    "num_layers": 2,
    "input_dim": 5,
    "hidden_dim": 256,
    "num_mlp_layers_feature_extract": 2,
    "num_mlp_layers_actor": 2,
    "hidden_dim_actor": 32,
    "num_mlp_layers_critic": 2,
    "hidden_dim_critic": 32
  },
  "training_params": {
    "lr": 0.0005,
    "decayflag": true,
    "decay_step_size": 10,
    "decay_ratio": 0.25,
    "gamma": 1,
    "k_epochs": 1,
    "eps_clip": 0.2,
    "vloss_coef": 1,
    "ploss_coef": 2,
    "entloss_coef": 0.05,
    "rewardscale": 0.5,
    "init_quality_flag": false
  },
  "results": {
    "duration_minutes": 7.332203380266825,
    "best_validation_episode": 6,
    "validation_weighted_sum": 12820.65,
    "training_rewards": [
      -13983.125,
      -14168.25,
      -14027.25,
      -15244.375,
      -14133.375,
      -11939.625,
      -11606.75,
      -14192.5,
      -13744.25,
      -13616.125,
      -15460.0,
      -12933.125,
      -11228.625,
      -13517.75,
      -17303.375,
      -12932.625,
      -12928.75,
      -14117.75,
      -14886.375,
      -14797.625,
      -14092.25,
      -12617.0,
      -13850.875,
      -12633.625,
      -13232.5,
      -15240.125,
      -12219.375,
      -11051.625,
      -13331.5,
      -11273.375,
      -13461.875,
      -12832.875,
      -16441.375,
      -12473.125,
      -13747.75,
      -15179.5,
      -12635.5,
      -12836.625,
      -13844.375,
      -15919.0,
      -13571.0,
      -15958.625,
      -12567.375,
      -13810.875,
      -12040.5,
      -11576.625,
      -12669.875,
      -13077.375,
      -15612.75,
      -13691.75,
      -12906.625,
      -12965.875,
      -14096.375,
      -14709.375,
      -13548.625,
      -13280.75,
      -13659.375,
      -15008.5,
      -14944.125,
      -15227.875,
      -14510.125,
      -14610.25,
      -16611.5,
      -11151.5,
      -13177.125,
      -12946.0,
      -14176.375,
      -12818.125,
      -15335.25,
      -15429.0,
      -12938.5,
      -15079.75,
      -12985.0,
      -14043.5,
      -11715.0,
      -14484.125,
      -13223.25,
      -14477.25,
      -15031.375,
      -13494.75,
      -16006.625,
      -14703.625,
      -14833.25,
      -15608.625,
      -14280.875,
      -14754.75,
      -13477.375,
      -15800.5,
      -15545.75,
      -12662.625,
      -15355.75,
      -13019.625,
      -13469.5,
      -13188.75,
      -12283.25,
      -10171.875,
      -13249.0,
      -13723.75,
      -14925.75,
      -14452.75
    ],
    "training_weighted_sums": [
      13983.125,
      14168.25,
      14027.25,
      15244.375,
      14133.375,
      11939.625,
      11606.75,
      14192.5,
      13744.25,
      13616.125,
      15460.0,
      12933.125,
      11228.625,
      13517.75,
      17303.375,
      12932.625,
      12928.75,
      14117.75,
      14886.375,
      14797.625,
      14092.25,
      12617.0,
      13850.875,
      12633.625,
      13232.5,
      15240.125,
      12219.375,
      11051.625,
      13331.5,
      11273.375,
      13461.875,
      12832.875,
      16441.375,
      12473.125,
      13747.75,
      15179.5,
      12635.5,
      12836.625,
      13844.375,
      15919.0,
      13571.0,
      15958.625,
      12567.375,
      13810.875,
      12040.5,
      11576.625,
      12669.875,
      13077.375,
      15612.75,
      13691.75,
      12906.625,
      12965.875,
      14096.375,
      14709.375,
      13548.625,
      13280.75,
      13659.375,
      15008.5,
      14944.125,
      15227.875,
      14510.125,
      14610.25,
      16611.5,
      11151.5,
      13177.125,
      12946.0,
      14176.375,
      12818.125,
      15335.25,
      15429.0,
      12938.5,
      15079.75,
      12985.0,
      14043.5,
      11715.0,
      14484.125,
      13223.25,
      14477.25,
      15031.375,
      13494.75,
      16006.625,
      14703.625,
      14833.25,
      15608.625,
      14280.875,
      14754.75,
      13477.375,
      15800.5,
      15545.75,
      12662.625,
      15355.75,
      13019.625,
      13469.5,
      13188.75,
      12283.25,
      10171.875,
      13249.0,
      13723.75,
      14925.75,
      14452.75
    ],
    "losses": [
      9.386252671396257,
      6.850599906013943,
      4.905388061139243,
      3.5270599956100077,
      2.4534962447981563,
      1.9952923048131266,
      1.675236571154394,
      1.1119039666067518,
      0.7338171977381607,
      0.15948755384889815,
      -0.04459995894637969,
      0.04858388178886966,
      -0.0654981723712913,
      -0.027656718537180575,
      -0.5128599967170357,
      -0.5061578706695576,
      -0.354790064371428,
      -0.502875123444138,
      -0.6280145117951385,
      -0.5334369492123185,
      -0.5466357469558716,
      -0.5155566930770874,
      -0.687620222568512,
      -0.2203696072101593,
      -0.5583896040916443,
      -0.4553017020225525,
      -0.5530916452407837,
      -0.49777087569236755,
      -0.5066261291503906,
      -0.7286527156829834,
      -0.25262755155563354,
      -0.6486162543296814,
      -0.4848209619522095,
      -0.5288236737251282,
      -0.5951880216598511,
      -0.40386927127838135,
      -0.648151695728302,
      -0.2637086510658264,
      -0.47524163126945496,
      -0.611384928226471,
      -0.5436000823974609,
      -0.44441327452659607,
      -0.5882680416107178,
      -0.451605886220932,
      -0.47520607709884644,
      -0.5288932919502258,
      -0.3234098255634308,
      -0.20085734128952026,
      -0.5943408608436584,
      -0.5946503281593323,
      -0.5633511543273926,
      -0.5948591828346252,
      -0.4282548427581787,
      -0.4583342373371124,
      -0.48941415548324585,
      -0.5098452568054199,
      -0.4724540114402771,
      -0.6782260537147522,
      -0.5291357040405273,
      -0.4702222943305969,
      -0.4704574644565582,
      -0.25605788826942444,
      -0.3683006763458252,
      -0.53437340259552,
      -0.4808158278465271,
      -0.4422992765903473,
      -0.5009693503379822,
      -0.5662900805473328,
      -0.45088258385658264,
      -0.4228893518447876,
      -0.5304428339004517,
      -0.33151930570602417,
      -0.562605082988739,
      -0.48473477363586426,
      -0.34854063391685486,
      -0.4298776686191559,
      -0.36178988218307495,
      -0.5119962692260742,
      -0.4236587882041931,
      -0.5979593396186829,
      -0.37851637601852417,
      -0.635723352432251,
      -0.5283360481262207,
      -0.23049695789813995,
      -0.613135814666748,
      -0.5247187614440918,
      -0.5472629070281982,
      -0.4465331733226776,
      -0.5118789672851562,
      -0.31106090545654297,
      -0.507594108581543,
      -0.38764047622680664,
      -0.4769735336303711,
      -0.2869679629802704,
      -0.4680626392364502,
      -0.41848650574684143,
      -0.49330776929855347,
      -0.5592743754386902,
      -0.5270266532897949,
      -0.49564534425735474
    ],