{
  "id": "exp_20250311_190009",
  "timestamp": "20250311_190009",
  "duration_minutes": 45.529088751475015,
  "description": "",
  "environment": {
    "n_j": 6,
    "n_m": 6,
    "device": "cpu",
    "num_envs": 8,
    "max_updates": 10000,
    "feature_set": [
      "LBs",
      "finished_mark",
      "weighted_priorities"
    ],
    "wspt_guidance_enabled": false,
    "wspt_guidance_duration": 0
  },
  "architecture": {
    "num_layers": 3,
    "input_dim": 3,
    "hidden_dim": 64,
    "num_mlp_layers_feature_extract": 2,
    "num_mlp_layers_actor": 2,
    "hidden_dim_actor": 32,
    "num_mlp_layers_critic": 2,
    "hidden_dim_critic": 32
  },
  "training_params": {
    "lr": 2e-05,
    "decayflag": false,
    "decay_step_size": 2000,
    "decay_ratio": 0.9,
    "gamma": 1,
    "k_epochs": 1,
    "eps_clip": 0.2,
    "vloss_coef": 1,
    "ploss_coef": 2,
    "entloss_coef": 0.05,
    "rewardscale": 0.0,
    "init_quality_flag": false
  },
  "results": {
    "duration_minutes": 45.46315956910451,
    "best_validation_episode": 700,
    "validation_weighted_sum": 14086.66,
    "training_rewards": {
      "type": "list",
      "length": 10000,
      "sample": [
        -14547.375,
        -14596.0,
        -14917.375,
        -16291.625,
        -14781.125
      ],
      "summary": {
        "mean": -14573.5678125,
        "min": -20088.25,
        "max": -9977.875
      }
    },
    "training_weighted_sums": {
      "type": "list",
      "length": 10000,
      "sample": [
        14547.375,
        14596.0,
        14917.375,
        16291.625,
        14781.125
      ],
      "summary": {
        "mean": 14573.5678125,
        "min": 9977.875,
        "max": 20088.25
      }
    },
    "losses": {
      "type": "list",
      "length": 10000,
      "sample": [
        7.626134395599365,
        7.655312538146973,
        7.452692031860352,
        7.420670986175537,
        7.3506011962890625
      ],
      "summary": {
        "mean": -0.08058239725679159,
        "min": -1.0671619176864624,
        "max": 7.655312538146973
      }
    },
    "validation_history": [
      14325.07,
      14907.31,
      14675.36,
      14571.69,
      14536.2,
      14468.6,
      14086.66,
      14218.6,
      14171.52,
      14336.67,
      14318.17,
      14384.88,
      14436.84,
      14574.41,
      14669.61,
      14724.58,
      14655.55,
      14764.9,
      14875.4,
      14924.48,
      15030.03,
      15068.87,
      15086.94,
      15096.5,
      15045.5,
      15038.29,
      15020.6,
      15062.84,
      15073.1,
      15026.4,
      15092.6,
      15105.65,
      15111.24,
      15155.82,
      15171.75,
      15142.38,
      15135.04,
      15150.45,
      15138.49,
      15156.27,
      15127.54,
      15121.72,
      15104.2,
      15151.9,
      15159.18,
      15138.45,
      15126.61,
      15207.46,
      15181.24,
      15198.12,
      15184.99,
      15164.91,
      15170.59,
      15155.93,
      15176.38,
      15126.72,
      15148.37,
      15096.59,
      15062.57,
      15111.66,
      15093.41,
      15121.94,
      15096.07,
      15097.98,
      15079.55,
      15076.67,
      15085.6,
      15122.86,
      15097.28,
      15077.49,
      15086.27,
      15100.61,
      15162.95,
      15160.99,
      15167.03,
      15154.88,
      15132.74,
      15154.88,
      15141.52,
      15140.09,
      15162.23,
      15182.24,
      15164.71,
      15183.54,
      15168.4,
      15201.56,
      15192.39,
      15165.92,
      15181.06,
      15191.21,
      15188.69,
      15191.21,
      15216.07,
      15200.57,
      15165.9,
      15161.83,
      15151.25,
      15171.24,
      15183.9,
      15171.24
    ],
    "win_rate": 0.0,
    "win_vs_spt": 0.0,
    "win_vs_wspt": 0.0,
    "avg_weighted_sum": 14871.8,
    "improvement_over_spt": -12.068302901969059,
    "improvement_over_wspt": -20.72834134303156,
    "training_completed": true,
    "test_win_rate": 7.000000000000001,
    "test_win_vs_spt": 50.0,
    "test_win_vs_srpt": 29.166666666666668,
    "test_win_vs_wspt": 9.210526315789473,
    "test_avg_weighted_sum": 15393.77,
    "test_improvement_over_spt": -8.896404681327889,
    "test_improvement_over_srpt": -11.265090110601792,
    "test_improvement_over_wspt": -20.186270422368064,
    "testing_completed": true
  },
  "config_hash": "b374ae89",
  "is_duplicate": false
}