{
  "id": "exp_20250309_233215",
  "timestamp": "20250309_233215",
  "duration_minutes": 5.921566251913706,
  "description": "",
  "environment": {
    "n_j": 6,
    "n_m": 6,
    "device": "cpu",
    "num_envs": 8,
    "max_updates": 100,
    "feature_set": [
      "LBs",
      "finished_mark",
      "weighted_priorities",
      "machine_contention"
    ],
    "wspt_guidance_enabled": false,
    "wspt_guidance_duration": 0
  },
  "architecture": {
    "num_layers": 2,
    "input_dim": 4,
    "hidden_dim": 256,
    "num_mlp_layers_feature_extract": 2,
    "num_mlp_layers_actor": 2,
    "hidden_dim_actor": 32,
    "num_mlp_layers_critic": 2,
    "hidden_dim_critic": 32
  },
  "training_params": {
    "lr": 0.0005,
    "decayflag": true,
    "decay_step_size": 10,
    "decay_ratio": 0.25,
    "gamma": 1,
    "k_epochs": 1,
    "eps_clip": 0.2,
    "vloss_coef": 1,
    "ploss_coef": 2,
    "entloss_coef": 0.01,
    "rewardscale": 0.5,
    "init_quality_flag": false
  },
  "results": {
    "duration_minutes": 5.8286475022633875,
    "best_validation_episode": 8,
    "validation_weighted_sum": 14621.89,
    "training_rewards": [
      -14398.375,
      -14493.75,
      -14460.0,
      -15938.5,
      -14557.875,
      -13358.25,
      -12816.0,
      -14736.0,
      -14004.125,
      -14705.875,
      -17025.5,
      -13109.0,
      -11619.25,
      -13496.75,
      -17440.0,
      -13766.875,
      -13807.375,
      -15273.125,
      -15450.125,
      -15430.5,
      -15659.5,
      -13116.75,
      -14959.0,
      -14564.5,
      -15213.375,
      -15728.125,
      -12970.125,
      -12541.625,
      -14056.375,
      -12673.75,
      -13912.625,
      -14203.0,
      -16839.0,
      -13303.375,
      -14975.5,
      -15205.25,
      -13523.125,
      -13130.5,
      -14609.5,
      -15698.25,
      -15088.5,
      -16736.875,
      -14516.0,
      -14825.625,
      -14459.125,
      -12857.25,
      -13276.125,
      -14042.875,
      -16449.5,
      -14336.5,
      -12838.375,
      -13554.625,
      -14189.5,
      -14616.625,
      -14260.75,
      -13822.125,
      -14425.125,
      -15044.375,
      -15147.0,
      -14964.375,
      -15298.0,
      -15188.0,
      -17643.625,
      -11879.625,
      -13635.875,
      -13547.625,
      -14290.125,
      -13702.5,
      -15456.375,
      -16308.625,
      -13608.25,
      -15424.0,
      -14047.25,
      -13596.875,
      -13119.25,
      -15240.625,
      -13603.375,
      -15312.5,
      -15527.125,
      -13914.375,
      -17287.625,
      -16223.25,
      -16145.375,
      -16195.375,
      -14016.75,
      -16258.75,
      -14360.0,
      -15838.375,
      -16354.875,
      -12859.75,
      -16119.875,
      -14117.625,
      -14128.25,
      -14720.125,
      -13184.875,
      -10689.125,
      -14525.375,
      -14834.375,
      -16531.0,
      -14730.0
    ],
    "training_weighted_sums": [
      14398.375,
      14493.75,
      14460.0,
      15938.5,
      14557.875,
      13358.25,
      12816.0,
      14736.0,
      14004.125,
      14705.875,
      17025.5,
      13109.0,
      11619.25,
      13496.75,
      17440.0,
      13766.875,
      13807.375,
      15273.125,
      15450.125,
      15430.5,
      15659.5,
      13116.75,
      14959.0,
      14564.5,
      15213.375,
      15728.125,
      12970.125,
      12541.625,
      14056.375,
      12673.75,
      13912.625,
      14203.0,
      16839.0,
      13303.375,
      14975.5,
      15205.25,
      13523.125,
      13130.5,
      14609.5,
      15698.25,
      15088.5,
      16736.875,
      14516.0,
      14825.625,
      14459.125,
      12857.25,
      13276.125,
      14042.875,
      16449.5,
      14336.5,
      12838.375,
      13554.625,
      14189.5,
      14616.625,
      14260.75,
      13822.125,
      14425.125,
      15044.375,
      15147.0,
      14964.375,
      15298.0,
      15188.0,
      17643.625,
      11879.625,
      13635.875,
      13547.625,
      14290.125,
      13702.5,
      15456.375,
      16308.625,
      13608.25,
      15424.0,
      14047.25,
      13596.875,
      13119.25,
      15240.625,
      13603.375,
      15312.5,
      15527.125,
      13914.375,
      17287.625,
      16223.25,
      16145.375,
      16195.375,
      14016.75,
      16258.75,
      14360.0,
      15838.375,
      16354.875,
      12859.75,
      16119.875,
      14117.625,
      14128.25,
      14720.125,
      13184.875,
      10689.125,
      14525.375,
      14834.375,
      16531.0,
      14730.0
    ],
    "losses": [
      9.211539268493652,
      6.417600631713867,
      4.586512088775635,
      3.5316367149353027,
      2.542593002319336,
      1.8201284408569336,
      1.1064568758010864,
      0.6434734463691711,
      0.09606438875198364,
      -0.4518166184425354,
      -0.5450596809387207,
      -0.6667277812957764,
      -0.7994486689567566,
      -0.7804742455482483,
      -0.7054287195205688,
      -0.6362137794494629,
      -0.097209133207798,
      -0.3157007396221161,
      -0.6021766066551208,
      -0.34052377939224243,
      -0.3380052149295807,
      -0.3269943296909332,
      -0.3157654404640198,
      -0.11129986494779587,
      -0.29033657908439636,
      -0.42289066314697266,
      0.038109730929136276,
      -0.21578076481819153,
      -0.17389826476573944,
      -0.3269850015640259,
      0.10739070922136307,
      -0.045284636318683624,
      -0.16823072731494904,
      -0.06318040192127228,
      0.017732227221131325,
      -0.40577253699302673,
      -0.2432829737663269,
      -0.08406539261341095,
      0.10372702777385712,
      -0.3022616505622864,
      -0.2291223108768463,
      -0.13326555490493774,
      -0.12847872078418732,
      0.05807681381702423,
      -0.26596516370773315,
      -0.17497789859771729,
      -0.11444928497076035,
      0.0029965173453092575,
      0.061762403696775436,
      0.207766592502594,
      -0.07188944518566132,
      -0.0629255622625351,
      -0.011500174179673195,
      -0.13374532759189606,
      0.03994254022836685,
      -0.25784897804260254,
      0.05763109028339386,
      -0.19995331764221191,
      -0.27841418981552124,
      -0.14430862665176392,
      -0.06687496602535248,
      -0.05632603541016579,
      -0.3219788670539856,
      -0.02387288212776184,
      0.10736604034900665,
      0.12482830137014389,
      -0.42597252130508423,
      0.10345733165740967,
      -0.18652287125587463,
      -0.2674010694026947,
      -0.015912463888525963,
      0.11138986051082611,
      -0.0373668372631073,
      -0.04755052551627159,
      0.1374984234571457,
      -0.03371436148881912,
      -0.3119928240776062,
      -0.29223600029945374,
      -0.060852039605379105,
      -0.1875440925359726,
      -0.1886286735534668,
      -0.13579368591308594,
      0.018568765372037888,
      0.01640911214053631,
      -0.2842831015586853,
      -0.1468866914510727,
      -0.0706588476896286,
      -0.346370667219162,
      -0.07996253669261932,
      -0.07516761869192123,
      -0.26727551221847534,
      -0.11383643746376038,
      -0.23619359731674194,
      -0.13898421823978424,
      -0.04853496700525284,
      -0.33188673853874207,
      -0.0453115813434124,
      -0.10533160716295242,
      -0.02209554985165596,
      -0.22061513364315033
    ],