{
  "id": "exp_20250310_125642",
  "timestamp": "20250310_125642",
  "duration_minutes": 30.400079202651977,
  "description": "",
  "environment": {
    "n_j": 6,
    "n_m": 6,
    "device": "cpu",
    "num_envs": 4,
    "max_updates": 10000,
    "feature_set": [
      "LBs",
      "finished_mark",
      "weighted_priorities",
      "normalized_weights",
      "machine_contention",
      "remaining_weighted_work",
      "time_elapsed"
    ],
    "wspt_guidance_enabled": true,
    "wspt_guidance_duration": 0.3
  },
  "architecture": {
    "num_layers": 3,
    "input_dim": 7,
    "hidden_dim": 64,
    "num_mlp_layers_feature_extract": 2,
    "num_mlp_layers_actor": 2,
    "hidden_dim_actor": 32,
    "num_mlp_layers_critic": 2,
    "hidden_dim_critic": 32
  },
  "training_params": {
    "lr": 2e-05,
    "decayflag": false,
    "decay_step_size": 2000,
    "decay_ratio": 0.9,
    "gamma": 1,
    "k_epochs": 1,
    "eps_clip": 0.2,
    "vloss_coef": 1,
    "ploss_coef": 2,
    "entloss_coef": 0.01,
    "rewardscale": 0.0,
    "init_quality_flag": false
  },
  "results": {
    "duration_minutes": 30.300234186649323,
    "best_validation_episode": 8600,
    "validation_weighted_sum": 13212.91,
    "training_rewards": {
      "type": "list",
      "length": 10000,
      "sample": [
        -13148.25,
        -13947.25,
        -14480.5,
        -13069.75,
        -17965.75
      ],
      "summary": {
        "mean": -14143.282225,
        "min": -20311.0,
        "max": -7945.25
      }
    },
    "training_weighted_sums": {
      "type": "list",
      "length": 10000,
      "sample": [
        13148.25,
        13947.25,
        14480.5,
        13069.75,
        17965.75
      ],
      "summary": {
        "mean": 14143.282225,
        "min": 7945.25,
        "max": 20311.0
      }
    },
    "losses": {
      "type": "list",
      "length": 10000,
      "sample": [
        3.712059404911411,
        3.766511729104654,
        3.521717778046703,
        3.6486159853913236,
        3.5966146080302686
      ],
      "summary": {
        "mean": 0.1367570236414451,
        "min": -0.21100996434688568,
        "max": 3.938646450277429
      }
    },
    "validation_history": [
      14319.77,
      14148.6,
      14222.49,
      14022.61,
      14039.7,
      13880.66,
      13785.48,
      13661.07,
      13665.16,
      13593.46,
      13574.01,
      13558.45,
      13616.91,
      13615.14,
      13675.92,
      13614.71,
      13557.07,
      13550.22,
      13486.28,
      13582.0,
      13676.05,
      13776.93,
      13684.14,
      13653.92,
      13627.09,
      13669.9,
      13645.98,
      13703.82,
      13693.8,
      13839.88,
      13798.42,
      13769.45,
      13700.99,
      13717.84,
      13718.96,
      13702.39,
      13663.03,
      13622.96,
      13534.24,
      13488.27,
      13499.86,
      13462.27,
      13438.6,
      13437.91,
      13387.4,
      13349.18,
      13469.1,
      13478.93,
      13442.25,
      13475.71,
      13408.8,
      13431.11,
      13425.08,
      13436.19,
      13422.73,
      13435.77,
      13449.42,
      13403.51,
      13404.17,
      13393.43,
      13370.57,
      13446.0,
      13437.69,
      13428.22,
      13423.98,
      13434.69,
      13388.34,
      13379.21,
      13328.21,
      13328.94,
      13346.93,
      13310.95,
      13294.38,
      13263.86,
      13282.75,
      13275.6,
      13280.36,
      13260.55,
      13254.75,
      13285.55,
      13271.83,
      13268.58,
      13273.29,
      13269.31,
      13235.83,
      13212.91,
      13226.67,
      13284.84,
      13280.91,
      13302.8,
      13297.91,
      13306.01,
      13312.67,
      13271.1,
      13280.47,
      13312.21,
      13281.23,
      13332.02,
      13317.39,
      13308.41
    ],
    "win_rate": 0.0,
    "win_vs_spt": 0.0,
    "win_vs_wspt": 0.0,
    "avg_weighted_sum": 13175.0,
    "improvement_over_spt": 0.7181450306323088,
    "improvement_over_wspt": -6.9538251721002755,
    "training_completed": true,
    "test_win_rate": 30.0,
    "test_win_vs_spt": 90.9090909090909,
    "test_win_vs_srpt": 65.21739130434783,
    "test_win_vs_wspt": 37.03703703703704,
    "test_avg_weighted_sum": 13087.15,
    "test_improvement_over_spt": 6.906495699623064,
    "test_improvement_over_srpt": 5.883930838031174,
    "test_improvement_over_wspt": -3.219183862436991,
    "testing_completed": true
  },
  "config_hash": "4f62840e",
  "is_duplicate": false
}