{
  "id": "exp_20250309_231325",
  "timestamp": "20250309_231325",
  "duration_minutes": 5.4153751015663145,
  "description": "",
  "environment": {
    "n_j": 6,
    "n_m": 6,
    "device": "cpu",
    "num_envs": 8,
    "max_updates": 100,
    "feature_set": [
      "LBs",
      "finished_mark",
      "weighted_priorities"
    ],
    "wspt_guidance_enabled": false,
    "wspt_guidance_duration": 0
  },
  "architecture": {
    "num_layers": 2,
    "input_dim": 3,
    "hidden_dim": 256,
    "num_mlp_layers_feature_extract": 2,
    "num_mlp_layers_actor": 2,
    "hidden_dim_actor": 32,
    "num_mlp_layers_critic": 2,
    "hidden_dim_critic": 32
  },
  "training_params": {
    "lr": 0.0005,
    "decayflag": true,
    "decay_step_size": 10,
    "decay_ratio": 0.25,
    "gamma": 1,
    "k_epochs": 1,
    "eps_clip": 0.2,
    "vloss_coef": 1,
    "ploss_coef": 2,
    "entloss_coef": 0.01,
    "rewardscale": 0.5,
    "init_quality_flag": false
  },
  "results": {
    "duration_minutes": 5.3505540013313295,
    "best_validation_episode": 17,
    "validation_weighted_sum": 13064.94,
    "training_rewards": [
      -14626.75,
      -13819.375,
      -14321.25,
      -15407.5,
      -13962.75,
      -13564.25,
      -12330.75,
      -15147.375,
      -14218.25,
      -14693.75,
      -15581.125,
      -13960.0,
      -11331.375,
      -13589.375,
      -17033.75,
      -13484.625,
      -13807.75,
      -15267.125,
      -15077.25,
      -15358.0,
      -15912.875,
      -12933.5,
      -15595.0,
      -14438.0,
      -14407.375,
      -15867.25,
      -13204.0,
      -12322.0,
      -14406.5,
      -11648.875,
      -13267.25,
      -13851.125,
      -17244.25,
      -13178.0,
      -14695.5,
      -15647.0,
      -13379.875,
      -12943.5,
      -13660.375,
      -15457.125,
      -13329.75,
      -16608.375,
      -13981.625,
      -14999.375,
      -13996.25,
      -12631.5,
      -13160.0,
      -14024.5,
      -15672.5,
      -13916.875,
      -13443.25,
      -13459.75,
      -14062.875,
      -13903.5,
      -13433.625,
      -13471.125,
      -15420.125,
      -15605.75,
      -15574.875,
      -14956.875,
      -14183.0,
      -14772.625,
      -17586.5,
      -11299.375,
      -13887.625,
      -13368.625,
      -13950.5,
      -13509.375,
      -14829.0,
      -16327.625,
      -12900.625,
      -15254.625,
      -14585.125,
      -14442.5,
      -12333.25,
      -16214.625,
      -13906.375,
      -15079.375,
      -15429.125,
      -14472.0,
      -17221.125,
      -16266.125,
      -15553.125,
      -16664.5,
      -13841.0,
      -15325.125,
      -13861.25,
      -16326.625,
      -16559.5,
      -13211.25,
      -17082.375,
      -13589.375,
      -14229.375,
      -14290.75,
      -12889.375,
      -11387.0,
      -14256.75,
      -14216.25,
      -15951.875,
      -15532.875
    ],
    "training_weighted_sums": [
      14626.75,
      13819.375,
      14321.25,
      15407.5,
      13962.75,
      13564.25,
      12330.75,
      15147.375,
      14218.25,
      14693.75,
      15581.125,
      13960.0,
      11331.375,
      13589.375,
      17033.75,
      13484.625,
      13807.75,
      15267.125,
      15077.25,
      15358.0,
      15912.875,
      12933.5,
      15595.0,
      14438.0,
      14407.375,
      15867.25,
      13204.0,
      12322.0,
      14406.5,
      11648.875,
      13267.25,
      13851.125,
      17244.25,
      13178.0,
      14695.5,
      15647.0,
      13379.875,
      12943.5,
      13660.375,
      15457.125,
      13329.75,
      16608.375,
      13981.625,
      14999.375,
      13996.25,
      12631.5,
      13160.0,
      14024.5,
      15672.5,
      13916.875,
      13443.25,
      13459.75,
      14062.875,
      13903.5,
      13433.625,
      13471.125,
      15420.125,
      15605.75,
      15574.875,
      14956.875,
      14183.0,
      14772.625,
      17586.5,
      11299.375,
      13887.625,
      13368.625,
      13950.5,
      13509.375,
      14829.0,
      16327.625,
      12900.625,
      15254.625,
      14585.125,
      14442.5,
      12333.25,
      16214.625,
      13906.375,
      15079.375,
      15429.125,
      14472.0,
      17221.125,
      16266.125,
      15553.125,
      16664.5,
      13841.0,
      15325.125,
      13861.25,
      16326.625,
      16559.5,
      13211.25,
      17082.375,
      13589.375,
      14229.375,
      14290.75,
      12889.375,
      11387.0,
      14256.75,
      14216.25,
      15951.875,
      15532.875
    ],
    "losses": [
      5.928877353668213,
      2.7916653156280518,
      0.6875300407409668,
      -0.15549814701080322,
      -0.499538779258728,
      -0.24796247482299805,
      0.1138707846403122,
      0.6700843572616577,
      1.3083444833755493,
      1.8238770961761475,
      1.9240881204605103,
      1.734439492225647,
      1.947990894317627,
      1.6142981052398682,
      1.442526936531067,
      1.714388132095337,
      1.477970838546753,
      1.5839955806732178,
      1.407455563545227,
      1.2835991382598877,
      1.0595901012420654,
      1.0346300601959229,
      0.9159500002861023,
      1.1387572288513184,
      0.9128363132476807,
      1.1520569324493408,
      1.0158110857009888,
      1.135785460472107,
      0.950080394744873,
      1.641350507736206,
      0.7804485559463501,
      0.871674656867981,
      0.8391473293304443,
      0.9743155241012573,
      1.0933302640914917,
      0.9257079362869263,
      0.8108064532279968,
      1.0632081031799316,
      0.9657202363014221,
      0.6252246499061584,
      0.7091870307922363,
      0.7122741341590881,
      0.8397022485733032,
      0.5836880207061768,
      0.7404285669326782,
      0.8609746098518372,
      0.6749902963638306,
      0.7517450451850891,
      0.6647732853889465,
      0.8211541771888733,
      0.8293372988700867,
      0.8732172846794128,
      0.6584969162940979,
      0.7913705110549927,
      0.7801059484481812,
      0.9238927960395813,
      0.9574443697929382,
      1.2735621929168701,
      0.8188737630844116,
      0.8067077994346619,
      0.5951064229011536,
      0.7356610894203186,
      0.9744618535041809,
      0.8753481507301331,
      0.9474447965621948,
      1.0141335725784302,
      0.6721550822257996,
      0.6895571947097778,
      0.9491038918495178,
      0.4972960948944092,
      0.8820639848709106,
      0.8210089206695557,
      0.830512285232544,
      0.8916515111923218,
      0.6706245541572571,
      0.9273419380187988,
      0.9245331287384033,
      0.6895515322685242,
      0.6347213387489319,
      0.6894744038581848,
      0.7948819994926453,
      0.7994648814201355,
      0.9834637641906738,
      0.765385627746582,
      0.8269321918487549,
      0.8634390830993652,
      1.2521458864212036,
      1.054521083831787,
      1.04499351978302,
      1.0572004318237305,
      0.8749239444732666,
      1.1077314615249634,
      0.8331573605537415,
      0.6338348388671875,
      0.8787742853164673,
      0.7951810359954834,
      0.8489002585411072,
      0.619215190410614,
      0.7951786518096924,
      0.4844742715358734
    ],