{
  "id": "exp_20250310_091217",
  "timestamp": "20250310_091217",
  "duration_minutes": 31.26991862853368,
  "description": "",
  "environment": {
    "n_j": 6,
    "n_m": 6,
    "device": "cpu",
    "num_envs": 8,
    "max_updates": 100,
    "feature_set": [
      "LBs",
      "finished_mark",
      "weighted_priorities",
      "normalized_weights",
      "machine_contention",
      "remaining_weighted_work",
      "time_elapsed"
    ],
    "wspt_guidance_enabled": false,
    "wspt_guidance_duration": 0
  },
  "architecture": {
    "num_layers": 2,
    "input_dim": 7,
    "hidden_dim": 256,
    "num_mlp_layers_feature_extract": 2,
    "num_mlp_layers_actor": 2,
    "hidden_dim_actor": 32,
    "num_mlp_layers_critic": 2,
    "hidden_dim_critic": 32
  },
  "training_params": {
    "lr": 0.0005,
    "decayflag": true,
    "decay_step_size": 10,
    "decay_ratio": 0.25,
    "gamma": 1,
    "k_epochs": 1,
    "eps_clip": 0.2,
    "vloss_coef": 1,
    "ploss_coef": 2,
    "entloss_coef": 0.01,
    "rewardscale": 0.5,
    "init_quality_flag": false
  },
  "results": {
    "duration_minutes": 31.13170733054479,
    "best_validation_episode": 6,
    "validation_weighted_sum": 14451.54,
    "training_rewards": [
      -14612.25,
      -14506.0,
      -14712.125,
      -15692.875,
      -13572.0,
      -13235.875,
      -12170.125,
      -14936.0,
      -14250.5,
      -14242.5,
      -16668.375,
      -13692.0,
      -11386.375,
      -13960.0,
      -18531.75,
      -13639.375,
      -13798.625,
      -14099.375,
      -15177.375,
      -15251.0,
      -15416.625,
      -13028.625,
      -15114.25,
      -13674.75,
      -13867.75,
      -15767.625,
      -13036.875,
      -11878.75,
      -14982.5,
      -11749.875,
      -13422.625,
      -13760.75,
      -15915.875,
      -12852.125,
      -15385.375,
      -15561.375,
      -13678.75,
      -12747.5,
      -14510.5,
      -15132.0,
      -13904.25,
      -17216.875,
      -13683.0,
      -13744.125,
      -13399.0,
      -12698.125,
      -13809.875,
      -14116.75,
      -16463.875,
      -14455.0,
      -13443.5,
      -12858.5,
      -13311.5,
      -14565.625,
      -13425.875,
      -13660.875,
      -14907.625,
      -15508.25,
      -16061.125,
      -15248.5,
      -14773.25,
      -15215.75,
      -17619.875,
      -11870.625,
      -13761.375,
      -13701.0,
      -14811.5,
      -13646.25,
      -15202.375,
      -16571.125,
      -13106.375,
      -15674.25,
      -14421.875,
      -14862.0,
      -12335.875,
      -14476.5,
      -13869.0,
      -14318.125,
      -15504.875,
      -14539.875,
      -15818.625,
      -15325.25,
      -15928.375,
      -15859.75,
      -14537.125,
      -16161.25,
      -13444.0,
      -15874.125,
      -16466.75,
      -13553.625,
      -17050.125,
      -13386.625,
      -14507.0,
      -14141.75,
      -13538.25,
      -10643.25,
      -14213.75,
      -14078.5,
      -16193.5,
      -15221.75
    ],
    "training_weighted_sums": [
      14612.25,
      14506.0,
      14712.125,
      15692.875,
      13572.0,
      13235.875,
      12170.125,
      14936.0,
      14250.5,
      14242.5,
      16668.375,
      13692.0,
      11386.375,
      13960.0,
      18531.75,
      13639.375,
      13798.625,
      14099.375,
      15177.375,
      15251.0,
      15416.625,
      13028.625,
      15114.25,
      13674.75,
      13867.75,
      15767.625,
      13036.875,
      11878.75,
      14982.5,
      11749.875,
      13422.625,
      13760.75,
      15915.875,
      12852.125,
      15385.375,
      15561.375,
      13678.75,
      12747.5,
      14510.5,
      15132.0,
      13904.25,
      17216.875,
      13683.0,
      13744.125,
      13399.0,
      12698.125,
      13809.875,
      14116.75,
      16463.875,
      14455.0,
      13443.5,
      12858.5,
      13311.5,
      14565.625,
      13425.875,
      13660.875,
      14907.625,
      15508.25,
      16061.125,
      15248.5,
      14773.25,
      15215.75,
      17619.875,
      11870.625,
      13761.375,
      13701.0,
      14811.5,
      13646.25,
      15202.375,
      16571.125,
      13106.375,
      15674.25,
      14421.875,
      14862.0,
      12335.875,
      14476.5,
      13869.0,
      14318.125,
      15504.875,
      14539.875,
      15818.625,
      15325.25,
      15928.375,
      15859.75,
      14537.125,
      16161.25,
      13444.0,
      15874.125,
      16466.75,
      13553.625,
      17050.125,
      13386.625,
      14507.0,
      14141.75,
      13538.25,
      10643.25,
      14213.75,
      14078.5,
      16193.5,
      15221.75
    ],
    "losses": [
      11.114480018615723,
      6.6273345947265625,
      3.833117723464966,
      1.9600396156311035,
      1.3902734518051147,
      1.038770318031311,
      0.4155747592449188,
      0.28655508160591125,
      -0.5557406544685364,
      -0.6426064968109131,
      -0.967495322227478,
      -0.5788145065307617,
      -1.0271942615509033,
      -0.6451314091682434,
      -0.5603923797607422,
      -0.7504624724388123,
      -0.43171897530555725,
      -0.6845711469650269,
      -0.4092273712158203,
      -0.5074849128723145,
      -0.328853577375412,
      -0.6641036868095398,
      -0.19631628692150116,
      -0.6614425778388977,
      -0.6452180743217468,
      -0.6402182579040527,
      -0.007839828729629517,
      -0.26279810070991516,
      -0.20212242007255554,
      -0.17256152629852295,
      -0.22839024662971497,
      -0.3467734456062317,
      -0.11601732671260834,
      -0.19936531782150269,
      -0.01466342806816101,
      -0.1281246840953827,
      -0.35840296745300293,
      0.00306113064289093,
      -0.30708879232406616,
      -0.2955824136734009,
      -0.3479270339012146,
      -0.14753934741020203,
      -0.5196975469589233,
      -0.4192141890525818,
      -0.078956738114357,
      -0.04358114302158356,
      0.16260361671447754,
      -0.40476393699645996,
      0.29962024092674255,
      -0.13550002872943878,
      0.20595574378967285,
      -0.19618265330791473,
      -0.20801803469657898,
      -0.27555492520332336,
      -0.13837531208992004,
      0.09371531009674072,
      0.4399786591529846,
      -0.49172019958496094,
      -0.17324788868427277,
      0.4370734691619873,
      -0.42312130331993103,
      -0.18864431977272034,
      -0.382652223110199,
      0.11987756192684174,
      0.036020416766405106,
      0.1945960819721222,
      0.28071069717407227,
      -0.1341490000486374,
      -0.08815737813711166,
      -0.29900529980659485,
      -0.6064281463623047,
      -0.05143163353204727,
      -0.47356700897216797,
      0.4387224316596985,
      -0.21429842710494995,
      -0.1854807436466217,
      -0.18914806842803955,
      -0.30397409200668335,
      -0.10845983028411865,
      -0.3624609410762787,
      -0.032182835042476654,
      0.09571534395217896,
      -0.39862990379333496,
      -0.4307458698749542,
      -0.07897353172302246,
      -0.48827630281448364,
      0.1574525088071823,
      -0.0904289186000824,
      0.3384040892124176,
      -0.29050329327583313,
      0.21017909049987793,
      -0.027110759168863297,
      -0.17765772342681885,
      -0.2438018023967743,
      -0.46751242876052856,
      -0.5464931726455688,
      -0.06610375642776489,
      -0.31371578574180603,
      -0.2332804650068283,
      -0.08659487962722778
    ],