{
  "id": "exp_20250309_230303",
  "timestamp": "20250309_230303",
  "duration_minutes": 7.079856602350871,
  "description": "",
  "environment": {
    "n_j": 6,
    "n_m": 6,
    "device": "cpu",
    "num_envs": 8,
    "max_updates": 100,
    "feature_set": [
      "LBs",
      "finished_mark",
      "weighted_priorities",
      "normalized_weights",
      "machine_contention"
    ],
    "wspt_guidance_enabled": false,
    "wspt_guidance_duration": 0
  },
  "architecture": {
    "num_layers": 2,
    "input_dim": 5,
    "hidden_dim": 256,
    "num_mlp_layers_feature_extract": 2,
    "num_mlp_layers_actor": 2,
    "hidden_dim_actor": 32,
    "num_mlp_layers_critic": 2,
    "hidden_dim_critic": 32
  },
  "training_params": {
    "lr": 0.0005,
    "decayflag": true,
    "decay_step_size": 10,
    "decay_ratio": 0.25,
    "gamma": 1,
    "k_epochs": 1,
    "eps_clip": 0.2,
    "vloss_coef": 1,
    "ploss_coef": 2,
    "entloss_coef": 0.01,
    "rewardscale": 0.5,
    "init_quality_flag": false
  },
  "results": {
    "duration_minutes": 6.975175718466441,
    "best_validation_episode": 7,
    "validation_weighted_sum": 13579.82,
    "training_rewards": [
      -14768.75,
      -14078.625,
      -14877.125,
      -16140.75,
      -15050.25,
      -13039.375,
      -12119.625,
      -14728.625,
      -13939.75,
      -14131.25,
      -16943.625,
      -14684.5,
      -11073.375,
      -14106.625,
      -18081.875,
      -13573.75,
      -13555.0,
      -14850.5,
      -15465.0,
      -15727.5,
      -15280.0,
      -12824.75,
      -14977.5,
      -13898.5,
      -14587.0,
      -15095.625,
      -12992.125,
      -11324.875,
      -14159.5,
      -11886.75,
      -14557.5,
      -13505.5,
      -17902.625,
      -12893.375,
      -14524.625,
      -15770.375,
      -14161.75,
      -13375.375,
      -14714.125,
      -16427.75,
      -14094.625,
      -17089.0,
      -13320.5,
      -14863.625,
      -13370.125,
      -12751.875,
      -12656.25,
      -13539.625,
      -16392.625,
      -14638.0,
      -13734.0,
      -13209.25,
      -14607.375,
      -14908.875,
      -14416.375,
      -14361.25,
      -14377.75,
      -15196.125,
      -15644.875,
      -15211.5,
      -15527.625,
      -16440.375,
      -16861.875,
      -11464.5,
      -13363.125,
      -13102.375,
      -14957.375,
      -13622.375,
      -15100.625,
      -15762.0,
      -13502.625,
      -15729.125,
      -13724.375,
      -14938.25,
      -12787.75,
      -15607.75,
      -14311.625,
      -14316.125,
      -15649.0,
      -14810.625,
      -16347.875,
      -15651.25,
      -15333.5,
      -16091.375,
      -14203.375,
      -15258.375,
      -14181.25,
      -16157.125,
      -17268.875,
      -13171.75,
      -17058.375,
      -13976.125,
      -13957.125,
      -14680.25,
      -13537.625,
      -10408.75,
      -13685.0,
      -14485.875,
      -15894.125,
      -15171.375
    ],
    "training_weighted_sums": [
      14768.75,
      14078.625,
      14877.125,
      16140.75,
      15050.25,
      13039.375,
      12119.625,
      14728.625,
      13939.75,
      14131.25,
      16943.625,
      14684.5,
      11073.375,
      14106.625,
      18081.875,
      13573.75,
      13555.0,
      14850.5,
      15465.0,
      15727.5,
      15280.0,
      12824.75,
      14977.5,
      13898.5,
      14587.0,
      15095.625,
      12992.125,
      11324.875,
      14159.5,
      11886.75,
      14557.5,
      13505.5,
      17902.625,
      12893.375,
      14524.625,
      15770.375,
      14161.75,
      13375.375,
      14714.125,
      16427.75,
      14094.625,
      17089.0,
      13320.5,
      14863.625,
      13370.125,
      12751.875,
      12656.25,
      13539.625,
      16392.625,
      14638.0,
      13734.0,
      13209.25,
      14607.375,
      14908.875,
      14416.375,
      14361.25,
      14377.75,
      15196.125,
      15644.875,
      15211.5,
      15527.625,
      16440.375,
      16861.875,
      11464.5,
      13363.125,
      13102.375,
      14957.375,
      13622.375,
      15100.625,
      15762.0,
      13502.625,
      15729.125,
      13724.375,
      14938.25,
      12787.75,
      15607.75,
      14311.625,
      14316.125,
      15649.0,
      14810.625,
      16347.875,
      15651.25,
      15333.5,
      16091.375,
      14203.375,
      15258.375,
      14181.25,
      16157.125,
      17268.875,
      13171.75,
      17058.375,
      13976.125,
      13957.125,
      14680.25,
      13537.625,
      10408.75,
      13685.0,
      14485.875,
      15894.125,
      15171.375
    ],
    "losses": [
      9.106364250183105,
      6.54708194732666,
      4.628335475921631,
      3.5480542182922363,
      2.7503933906555176,
      2.359130859375,
      1.7351096868515015,
      1.641173005104065,
      1.0747764110565186,
      0.6448310017585754,
      0.03919804096221924,
      0.32266971468925476,
      0.19836381077766418,
      0.13147272169589996,
      -0.19144666194915771,
      0.012617310509085655,
      -0.058469779789447784,
      -0.14691494405269623,
      -0.3460215926170349,
      -0.06250011920928955,
      -0.36035406589508057,
      -0.2606146037578583,
      -0.4303439259529114,
      0.08271618187427521,
      -0.21063004434108734,
      -0.19967445731163025,
      -0.29191458225250244,
      -0.16480562090873718,
      -0.2950408458709717,
      -0.10500434786081314,
      0.06970199197530746,
      -0.07586923241615295,
      -0.2131628692150116,
      0.07000195980072021,
      -0.3004104495048523,
      -0.13825826346874237,
      -0.027795080095529556,
      0.23645856976509094,
      -0.04303375631570816,
      0.03480219841003418,
      -0.04157295078039169,
      0.035541728138923645,
      -0.17786093056201935,
      -0.10130836069583893,
      -0.12787356972694397,
      0.08305303752422333,
      -0.18430033326148987,
      0.05099304020404816,
      -0.13034303486347198,
      0.07195201516151428,
      -0.08075395971536636,
      -0.015466336160898209,
      -0.09648367762565613,
      0.19868816435337067,
      -0.05997718498110771,
      -0.1811273992061615,
      -0.28888216614723206,
      0.1360219269990921,
      -0.2136847823858261,
      -0.1909315437078476,
      0.02909603714942932,
      -0.15041416883468628,
      -0.2255544662475586,
      0.20043155550956726,
      -0.0893646776676178,
      -0.09452274441719055,
      -0.020439593121409416,
      0.08054079115390778,
      0.06416553258895874,
      -0.0564129501581192,
      -0.14298047125339508,
      -0.03973855823278427,
      0.02021447755396366,
      -0.09955503046512604,
      0.0545223243534565,
      0.04412147402763367,
      -0.19590111076831818,
      -0.23506930470466614,
      0.08162863552570343,
      -0.08916829526424408,
      -0.08516818284988403,
      -0.3004007637500763,
      0.11712910234928131,
      0.2374177873134613,
      0.013846807181835175,
      -0.18254534900188446,
      0.07346154749393463,
      -0.19070574641227722,
      -0.2185024619102478,
      -0.005335396155714989,
      -0.20611393451690674,
      0.08915475010871887,
      -0.16852745413780212,
      0.02471761219203472,
      -0.03485788404941559,
      0.22439011931419373,
      0.14280495047569275,
      0.0053711459040641785,
      0.030664656311273575,
      -0.052588313817977905
    ],