{
  "id": "exp_20250312_101841",
  "timestamp": "20250312_101841",
  "duration_minutes": 80.9293405175209,
  "description": "",
  "environment": {
    "n_j": 15,
    "n_m": 15,
    "device": "cpu",
    "num_envs": 8,
    "max_updates": 100,
    "feature_set": [
      "LBs",
      "finished_mark",
      "weighted_priorities",
      "normalized_weights",
      "machine_contention",
      "remaining_weighted_work",
      "time_elapsed"
    ],
    "wspt_guidance_enabled": false,
    "wspt_guidance_duration": 0
  },
  "architecture": {
    "num_layers": 3,
    "input_dim": 7,
    "hidden_dim": 64,
    "num_mlp_layers_feature_extract": 2,
    "num_mlp_layers_actor": 2,
    "hidden_dim_actor": 32,
    "num_mlp_layers_critic": 2,
    "hidden_dim_critic": 32
  },
  "training_params": {
    "lr": 2e-05,
    "decayflag": false,
    "decay_step_size": 2000,
    "decay_ratio": 0.9,
    "gamma": 1,
    "k_epochs": 1,
    "eps_clip": 0.2,
    "vloss_coef": 1,
    "ploss_coef": 2,
    "entloss_coef": 0.05,
    "rewardscale": 0.0,
    "init_quality_flag": false
  },
  "results": {
    "duration_minutes": 79.25956131219864,
    "best_validation_episode": 1,
    "validation_weighted_sum": 101949.27,
    "training_rewards": [
      -108475.875,
      -114236.75,
      -95103.5,
      -101088.0,
      -99782.125,
      -96149.625,
      -90445.0,
      -105627.25,
      -103384.875,
      -96970.0,
      -93765.5,
      -101254.875,
      -103226.125,
      -96191.0,
      -100582.5,
      -95427.75,
      -102944.5,
      -109925.625,
      -103179.125,
      -97006.625,
      -107206.5,
      -99775.375,
      -92815.875,
      -101367.125,
      -106033.625,
      -102989.875,
      -92127.25,
      -108437.625,
      -103527.875,
      -101680.625,
      -103462.375,
      -114303.625,
      -100527.625,
      -101139.5,
      -102395.5,
      -95898.5,
      -94089.125,
      -98349.5,
      -105941.125,
      -99583.25,
      -100314.5,
      -95530.0,
      -104347.75,
      -106856.5,
      -99207.25,
      -101225.625,
      -96423.5,
      -100590.875,
      -90420.5,
      -108500.625,
      -100167.75,
      -101515.625,
      -102849.125,
      -88475.25,
      -110646.125,
      -96490.0,
      -100515.75,
      -100925.25,
      -96043.125,
      -106410.625,
      -97807.0,
      -101876.0,
      -97226.0,
      -101623.375,
      -91680.75,
      -101409.25,
      -95451.875,
      -99336.875,
      -105242.625,
      -104013.625,
      -116084.0,
      -96970.25,
      -95920.875,
      -102498.375,
      -100951.75,
      -103163.125,
      -106756.25,
      -96528.0,
      -101292.125,
      -99884.125,
      -91552.25,
      -97786.375,
      -92737.25,
      -94292.125,
      -93404.25,
      -98648.0,
      -101367.375,
      -98843.0,
      -99088.625,
      -94094.25,
      -93671.25,
      -103923.875,
      -97376.25,
      -97490.25,
      -100265.5,
      -95344.75,
      -106000.125,
      -96559.625,
      -100650.625,
      -98068.875
    ],
    "training_weighted_sums": [
      108475.875,
      114236.75,
      95103.5,
      101088.0,
      99782.125,
      96149.625,
      90445.0,
      105627.25,
      103384.875,
      96970.0,
      93765.5,
      101254.875,
      103226.125,
      96191.0,
      100582.5,
      95427.75,
      102944.5,
      109925.625,
      103179.125,
      97006.625,
      107206.5,
      99775.375,
      92815.875,
      101367.125,
      106033.625,
      102989.875,
      92127.25,
      108437.625,
      103527.875,
      101680.625,
      103462.375,
      114303.625,
      100527.625,
      101139.5,
      102395.5,
      95898.5,
      94089.125,
      98349.5,
      105941.125,
      99583.25,
      100314.5,
      95530.0,
      104347.75,
      106856.5,
      99207.25,
      101225.625,
      96423.5,
      100590.875,
      90420.5,
      108500.625,
      100167.75,
      101515.625,
      102849.125,
      88475.25,
      110646.125,
      96490.0,
      100515.75,
      100925.25,
      96043.125,
      106410.625,
      97807.0,
      101876.0,
      97226.0,
      101623.375,
      91680.75,
      101409.25,
      95451.875,
      99336.875,
      105242.625,
      104013.625,
      116084.0,
      96970.25,
      95920.875,
      102498.375,
      100951.75,
      103163.125,
      106756.25,
      96528.0,
      101292.125,
      99884.125,
      91552.25,
      97786.375,
      92737.25,
      94292.125,
      93404.25,
      98648.0,
      101367.375,
      98843.0,
      99088.625,
      94094.25,
      93671.25,
      103923.875,
      97376.25,
      97490.25,
      100265.5,
      95344.75,
      106000.125,
      96559.625,
      100650.625,
      98068.875
    ],
    "losses": [
      6.405216217041016,
      6.404289722442627,
      6.1263227462768555,
      6.122745513916016,
      6.068629741668701,
      5.992488861083984,
      5.975068092346191,
      6.019976615905762,
      5.807041645050049,
      5.703373432159424,
      5.687320709228516,
      5.64694881439209,
      5.6316962242126465,
      5.4922099113464355,
      5.488561153411865,
      5.450813293457031,
      5.304083347320557,
      5.243834018707275,
      5.249467372894287,
      5.201847553253174,
      5.190781593322754,
      5.082581520080566,
      4.905642032623291,
      5.126052379608154,
      5.004986763000488,
      4.812424659729004,
      4.729336261749268,
      4.742807865142822,
      4.741382122039795,
      4.638228416442871,
      4.672381401062012,
      4.5608744621276855,
      4.529489994049072,
      4.352078437805176,
      4.363332271575928,
      4.284283638000488,
      4.24091100692749,
      4.261724948883057,
      4.204824447631836,
      4.139337062835693,
      4.096850395202637,
      4.018146991729736,
      4.101475715637207,
      3.9793553352355957,
      3.9203391075134277,
      3.7917704582214355,
      3.805568218231201,
      3.7474770545959473,
      3.7751283645629883,
      3.7787954807281494,
      3.639404296875,
      3.609254837036133,
      3.562007427215576,
      3.5618319511413574,
      3.558506488800049,
      3.4703667163848877,
      3.352238655090332,
      3.3692328929901123,
      3.334315538406372,
      3.308633804321289,
      3.2392382621765137,
      3.1237826347351074,
      3.2257466316223145,
      3.1558051109313965,
      3.069700002670288,
      3.0812618732452393,
      3.070350408554077,
      3.004852771759033,
      2.921344757080078,
      2.928438186645508,
      2.8861000537872314,
      2.8428702354431152,
      2.840902805328369,
      2.837122917175293,
      2.740473985671997,
      2.7306740283966064,
      2.676314353942871,
      2.630523920059204,
      2.6595754623413086,
      2.5587615966796875,
      2.62699556350708,
      2.5100154876708984,
      2.4909706115722656,
      2.4800338745117188,
      2.445108413696289,
      2.429622173309326,
      2.4182372093200684,
      2.3716013431549072,
      2.3190102577209473,
      2.300368070602417,
      2.2785096168518066,
      2.1851959228515625,
      2.228982448577881,
      2.1630849838256836,
      2.128333568572998,
      2.085529327392578,
      2.0880141258239746,
      2.0541481971740723,
      2.114316940307617,
      1.9922335147857666
    ],