{
  "id": "exp_20250310_135858",
  "timestamp": "20250310_135858",
  "duration_minutes": 52.837508249282834,
  "description": "",
  "environment": {
    "n_j": 6,
    "n_m": 6,
    "device": "cpu",
    "num_envs": 8,
    "max_updates": 10000,
    "feature_set": [
      "LBs",
      "finished_mark",
      "weighted_priorities",
      "normalized_weights",
      "machine_contention",
      "remaining_weighted_work",
      "time_elapsed"
    ],
    "wspt_guidance_enabled": false,
    "wspt_guidance_duration": 0
  },
  "architecture": {
    "num_layers": 3,
    "input_dim": 7,
    "hidden_dim": 64,
    "num_mlp_layers_feature_extract": 2,
    "num_mlp_layers_actor": 2,
    "hidden_dim_actor": 32,
    "num_mlp_layers_critic": 2,
    "hidden_dim_critic": 32
  },
  "training_params": {
    "lr": 2e-05,
    "decayflag": false,
    "decay_step_size": 2000,
    "decay_ratio": 0.9,
    "gamma": 1,
    "k_epochs": 1,
    "eps_clip": 0.2,
    "vloss_coef": 1,
    "ploss_coef": 2,
    "entloss_coef": 0.01,
    "rewardscale": 0.0,
    "init_quality_flag": false
  },
  "results": {
    "duration_minutes": 52.73526299794515,
    "best_validation_episode": 8700,
    "validation_weighted_sum": 13178.77,
    "training_rewards": {
      "type": "list",
      "length": 10000,
      "sample": [
        -14206.625,
        -14067.5,
        -14674.125,
        -15786.75,
        -14497.875
      ],
      "summary": {
        "mean": -14233.24345,
        "min": -20164.0,
        "max": -9903.0
      }
    },
    "training_weighted_sums": {
      "type": "list",
      "length": 10000,
      "sample": [
        14206.625,
        14067.5,
        14674.125,
        15786.75,
        14497.875
      ],
      "summary": {
        "mean": 14233.24345,
        "min": 9903.0,
        "max": 20164.0
      }
    },
    "losses": {
      "type": "list",
      "length": 10000,
      "sample": [
        6.65444803237915,
        6.682610034942627,
        6.260940074920654,
        6.483362674713135,
        6.33387565612793
      ],
      "summary": {
        "mean": 0.23287365214619785,
        "min": -0.2791352868080139,
        "max": 6.682610034942627
      }
    },
    "validation_history": [
      14447.89,
      14569.94,
      14495.08,
      14586.93,
      14648.82,
      14665.5,
      14641.07,
      14713.13,
      14633.16,
      14513.33,
      14532.81,
      14445.31,
      14345.14,
      14216.62,
      14332.73,
      14263.61,
      14288.24,
      14437.84,
      14375.41,
      14476.88,
      14406.28,
      14398.79,
      14376.68,
      14249.19,
      14217.66,
      14144.9,
      14047.08,
      14066.55,
      14075.46,
      13927.51,
      13697.39,
      13713.7,
      13748.98,
      13689.08,
      13677.66,
      13594.19,
      13706.8,
      13792.04,
      13789.56,
      13835.35,
      13866.96,
      13823.72,
      13804.74,
      13874.52,
      13769.91,
      13809.26,
      13767.92,
      13725.21,
      13729.02,
      13731.15,
      13742.77,
      13691.88,
      13699.45,
      13705.16,
      13724.02,
      13742.98,
      13713.22,
      13730.04,
      13721.25,
      13712.57,
      13707.29,
      13679.69,
      13680.99,
      13683.65,
      13644.4,
      13618.53,
      13623.05,
      13627.12,
      13612.92,
      13605.96,
      13538.75,
      13535.63,
      13429.13,
      13356.19,
      13293.29,
      13302.08,
      13281.33,
      13266.27,
      13257.33,
      13259.73,
      13239.37,
      13272.02,
      13265.11,
      13203.17,
      13232.46,
      13214.39,
      13178.77,
      13218.57,
      13219.48,
      13198.11,
      13194.53,
      13222.91,
      13249.27,
      13204.09,
      13215.44,
      13320.56,
      13295.54,
      13275.33,
      13208.71,
      13201.85
    ],
    "win_rate": 10.0,
    "win_vs_spt": 50.0,
    "win_vs_wspt": 11.11111111111111,
    "avg_weighted_sum": 12885.1,
    "improvement_over_spt": 2.9027226211916757,
    "improvement_over_wspt": -4.60043512144435,
    "training_completed": true,
    "test_win_rate": 27.0,
    "test_win_vs_spt": 84.375,
    "test_win_vs_srpt": 64.28571428571429,
    "test_win_vs_wspt": 33.75,
    "test_avg_weighted_sum": 13197.42,
    "test_improvement_over_spt": 6.6407001618544195,
    "test_improvement_over_srpt": 4.609973675879381,
    "test_improvement_over_wspt": -3.038351813595288,
    "testing_completed": true
  },
  "config_hash": "26fc6d2c",
  "is_duplicate": false
}