{
  "id": "exp_20250310_112245",
  "timestamp": "20250310_112245",
  "duration_minutes": 30.629101089636485,
  "description": "",
  "environment": {
    "n_j": 6,
    "n_m": 6,
    "device": "cpu",
    "num_envs": 4,
    "max_updates": 10000,
    "feature_set": [
      "LBs",
      "finished_mark",
      "weighted_priorities",
      "normalized_weights",
      "machine_contention",
      "remaining_weighted_work",
      "time_elapsed"
    ],
    "wspt_guidance_enabled": false,
    "wspt_guidance_duration": 0
  },
  "architecture": {
    "num_layers": 3,
    "input_dim": 7,
    "hidden_dim": 64,
    "num_mlp_layers_feature_extract": 2,
    "num_mlp_layers_actor": 2,
    "hidden_dim_actor": 32,
    "num_mlp_layers_critic": 2,
    "hidden_dim_critic": 32
  },
  "training_params": {
    "lr": 2e-05,
    "decayflag": false,
    "decay_step_size": 2000,
    "decay_ratio": 0.9,
    "gamma": 1,
    "k_epochs": 1,
    "eps_clip": 0.2,
    "vloss_coef": 1,
    "ploss_coef": 2,
    "entloss_coef": 0.01,
    "rewardscale": 0.0,
    "init_quality_flag": false
  },
  "results": {
    "duration_minutes": 30.521761163075766,
    "best_validation_episode": 9400,
    "validation_weighted_sum": 13311.36,
    "training_rewards": {
      "type": "list",
      "length": 10000,
      "sample": [
        -14000.5,
        -14829.75,
        -14475.5,
        -13092.0,
        -18849.75
      ],
      "summary": {
        "mean": -14220.0126,
        "min": -20843.25,
        "max": -7897.5
      }
    },
    "training_weighted_sums": {
      "type": "list",
      "length": 10000,
      "sample": [
        14000.5,
        14829.75,
        14475.5,
        13092.0,
        18849.75
      ],
      "summary": {
        "mean": 14220.0126,
        "min": 7897.5,
        "max": 20843.25
      }
    },
    "losses": {
      "type": "list",
      "length": 10000,
      "sample": [
        3.2234413623809814,
        3.327920913696289,
        3.258523941040039,
        3.1932730674743652,
        3.2407889366149902
      ],
      "summary": {
        "mean": 0.1273278543867171,
        "min": -0.23624713718891144,
        "max": 3.327920913696289
      }
    },
    "validation_history": [
      14369.66,
      14409.33,
      14436.38,
      14521.36,
      14510.68,
      14526.25,
      14663.58,
      14653.37,
      14660.18,
      14541.07,
      14385.13,
      14391.5,
      14325.57,
      14256.93,
      14226.51,
      14280.81,
      14217.7,
      14241.66,
      14262.14,
      14193.31,
      14164.49,
      14103.3,
      14109.16,
      14106.93,
      14094.87,
      14130.8,
      14158.97,
      14214.12,
      14235.38,
      14172.83,
      14116.84,
      13983.58,
      13955.97,
      13989.13,
      13893.44,
      13727.28,
      13639.33,
      13599.05,
      13483.62,
      13525.91,
      13508.29,
      13576.24,
      13629.12,
      13615.87,
      13614.4,
      13586.47,
      13581.42,
      13672.64,
      13620.26,
      13636.89,
      13726.65,
      13672.83,
      13675.45,
      13664.11,
      13676.54,
      13638.1,
      13654.59,
      13601.28,
      13602.58,
      13600.01,
      13640.0,
      13637.2,
      13630.87,
      13570.69,
      13607.54,
      13523.81,
      13494.39,
      13456.42,
      13455.98,
      13399.56,
      13452.01,
      13482.1,
      13434.35,
      13404.34,
      13344.4,
      13322.67,
      13383.17,
      13386.49,
      13393.48,
      13353.78,
      13392.62,
      13413.1,
      13433.89,
      13423.42,
      13420.45,
      13413.54,
      13421.1,
      13454.62,
      13447.09,
      13386.09,
      13398.19,
      13354.26,
      13377.7,
      13311.36,
      13390.64,
      13401.07,
      13336.22,
      13360.11,
      13362.15,
      13334.9
    ],
    "win_rate": 10.0,
    "win_vs_spt": 50.0,
    "win_vs_wspt": 11.11111111111111,
    "avg_weighted_sum": 13252.3,
    "improvement_over_spt": 0.1356412439809198,
    "improvement_over_wspt": -7.581341732692555,
    "training_completed": true,
    "test_win_rate": 24.0,
    "test_win_vs_spt": 85.71428571428571,
    "test_win_vs_srpt": 58.536585365853654,
    "test_win_vs_wspt": 30.37974683544304,
    "test_avg_weighted_sum": 13270.22,
    "test_improvement_over_spt": 5.604254353549245,
    "test_improvement_over_srpt": 4.567385311963115,
    "test_improvement_over_wspt": -4.6630685882708285,
    "testing_completed": true
  },
  "config_hash": "f0c553d7",
  "is_duplicate": false
}