{"training_reward":-16172.125,"training_weighted_sum":16172.125,"loss":-0.2143460214138031,"improvement_over_spt":-9.733766380564122,"validation_weighted_sum":14906.66,"_runtime":388.455239,"_wandb":{"runtime":388},"win_vs_wspt":11.11111111111111,"v_loss":0.3505755364894867,"win_vs_spt":50,"_step":1023,"episode":999,"validation_improvement_pct":-67.59995952870709,"_timestamp":1.741632503661571e+09,"win_rate":10,"improvement_over_wspt":-18.213404338225747}