{"_wandb":{"runtime":329},"v_loss":0.3127813935279846,"win_vs_spt":0,"_timestamp":1.741632842697953e+09,"training_weighted_sum":16198.75,"episode":999,"win_rate":0,"_step":1023,"validation_improvement_pct":-55.872222720955826,"_runtime":329.200983,"loss":0.03440409526228905,"improvement_over_spt":-2.0768181578411973,"win_vs_wspt":0,"improvement_over_wspt":-9.964768151708014,"training_reward":-16198.75,"validation_weighted_sum":14025.71}