{"validation_improvement_pct":-60.62351327537122,"improvement_over_spt":-6.489679962020458,"win_vs_wspt":11.11111111111111,"loss":0.0908101499080658,"v_loss":0.6539802551269531,"validation_weighted_sum":14320.4,"win_rate":10,"_step":2023,"_wandb":{"runtime":967},"training_weighted_sum":14940.0625,"_timestamp":1.741727424277872e+09,"win_vs_spt":50,"training_reward":-14940.0625,"episode":1999,"_runtime":967.287208,"improvement_over_wspt":-14.718632289907784}